<?xml version = '1.0' encoding = 'UTF-8'?>
<Diagram class="oracle.dbtools.crest.swingui.relational.DPVRelational" name="Relational_1" id="A0455CAB-8C55-5492-211F-77C91926AC90">
<createdBy>nadeem</createdBy>
<modifiedBy>nadeem</modifiedBy>
<createdTime>2021-04-28 06:57:50 UTC</createdTime>
<autoRoute>false</autoRoute>
<boxInbox>true</boxInbox>
<showLegend>false</showLegend>
<showLabels>false</showLabels>
<showRelAttributes>false</showRelAttributes>
<gridEnabled>false</gridEnabled>
<showGrid>false</showGrid>
<diagramColor>-1</diagramColor>
<display>false</display>
<notation>1</notation>
<objectViews>
<OView class="oracle.dbtools.crest.swingui.relational.TVTable" oid="00D5E3FD-5056-4D82-3541-94291AFDAEC9" otype="Table" vid="99EFB653-6CE9-7100-561E-75B20373DEDC">
<hideElementsInCurrentOnly>false</hideElementsInCurrentOnly>
<bounds x="8" y="577" width="170" height="56"/>
</OView>
<OView class="oracle.dbtools.crest.swingui.relational.TVTable" oid="22CBB835-163F-99FC-0E90-987D369CF23F" otype="Table" vid="1CE433A2-CA23-4716-B028-82A43702011B">
<hideElementsInCurrentOnly>false</hideElementsInCurrentOnly>
<bounds x="555" y="658" width="170" height="110"/>
</OView>
<OView class="oracle.dbtools.crest.swingui.relational.TVTable" oid="2FA692EC-12EB-BFC7-9A07-B64013C5C2D0" otype="Table" vid="04A9E1A9-166F-743B-284D-3A774DA1D8EE">
<hideElementsInCurrentOnly>false</hideElementsInCurrentOnly>
<bounds x="230" y="410" width="170" height="110"/>
</OView>
<OView class="oracle.dbtools.crest.swingui.relational.TVTable" oid="4E3401CB-1BE5-395B-3E46-3F3BF2CB3710" otype="Table" vid="F8590360-0A79-4F5D-AC03-4C23205F3748">
<hideElementsInCurrentOnly>false</hideElementsInCurrentOnly>
<bounds x="562" y="167" width="170" height="103"/>
</OView>
<OView class="oracle.dbtools.crest.swingui.relational.TVTable" oid="4F9EC55E-B57B-DB03-FD03-C4FA727D1E40" otype="Table" vid="5055749A-F178-6836-D2F5-DF9490648A6A">
<hideElementsInCurrentOnly>false</hideElementsInCurrentOnly>
<bounds x="292" y="731" width="172" height="136"/>
</OView>
<OView class="oracle.dbtools.crest.swingui.relational.TVTable" oid="5677EF52-DE19-9494-0BDC-976716CDAAE8" otype="Table" vid="A1D9B2A3-8EC4-1217-B8CE-3F57F3633A03">
<hideElementsInCurrentOnly>false</hideElementsInCurrentOnly>
<bounds x="684" y="395" width="175" height="182"/>
</OView>
<OView class="oracle.dbtools.crest.swingui.relational.TVTable" oid="569CE796-9196-8234-E2C3-A35B751F5D1B" otype="Table" vid="8F221D77-DEF9-F574-219E-19801B772BCE">
<hideElementsInCurrentOnly>false</hideElementsInCurrentOnly>
<bounds x="293" y="580" width="169" height="68"/>
</OView>
<OView class="oracle.dbtools.crest.swingui.relational.TVTable" oid="67DA7E4E-3FFD-83C0-77CC-E1A5373A2A9A" otype="Table" vid="35E1A455-F248-B4ED-3663-9D7D84644384">
<hideElementsInCurrentOnly>false</hideElementsInCurrentOnly>
<bounds x="11" y="205" width="171" height="89"/>
</OView>
<OView class="oracle.dbtools.crest.swingui.relational.TVTable" oid="7E221860-9ADA-017A-E02A-EDE37C1C5E37" otype="Table" vid="426A2B28-4AD6-E0A7-1162-BE11D85690AD">
<hideElementsInCurrentOnly>false</hideElementsInCurrentOnly>
<bounds x="274" y="139" width="176" height="118"/>
</OView>
<OView class="oracle.dbtools.crest.swingui.relational.TVTable" oid="97F90385-E94E-51B5-0D2B-2D59266C3561" otype="Table" vid="808DCA93-9716-7076-A327-67240DFCF2D7">
<hideElementsInCurrentOnly>false</hideElementsInCurrentOnly>
<bounds x="1031" y="354" width="179" height="125"/>
</OView>
<OView class="oracle.dbtools.crest.swingui.relational.TVTable" oid="A68A8C79-22C6-2B83-1612-4473E049ACC1" otype="Table" vid="F1FDEB63-3927-39E9-F9EE-555FFEB5A36E">
<hideElementsInCurrentOnly>false</hideElementsInCurrentOnly>
<bounds x="806" y="657" width="171" height="116"/>
</OView>
<OView class="oracle.dbtools.crest.swingui.relational.TVTable" oid="E55A5CAC-7436-1F7F-3041-13AA48D1569C" otype="Table" vid="720A2C2C-E56C-F0EA-9B32-51ADEF42095E">
<hideElementsInCurrentOnly>false</hideElementsInCurrentOnly>
<bounds x="1059" y="659" width="170" height="110"/>
</OView>
<OView class="oracle.dbtools.crest.swingui.relational.TVTable" oid="FCE7BAF4-5E75-D465-CC1D-26FAAA58DFB3" otype="Table" vid="2F0FED1A-35DD-C576-3B21-841620D44B87">
<hideElementsInCurrentOnly>false</hideElementsInCurrentOnly>
<bounds x="841" y="212" width="171" height="82"/>
</OView>
<OView class="oracle.dbtools.crest.swingui.relational.TVTable" oid="FE0A65F0-592B-CAFC-4930-618A1EA4A34D" otype="Table" vid="64FE4937-4FD2-6407-3A20-1A4AB61A0B13">
<hideElementsInCurrentOnly>false</hideElementsInCurrentOnly>
<bounds x="301" y="365" width="170" height="118"/>
</OView>
<OView class="oracle.dbtools.crest.swingui.relational.TVTable" oid="FF7FDC29-B235-937D-12FA-0EC2B8CB3454" otype="Table" vid="624F64B1-3251-4B2D-6577-4A48317C2D8F">
<hideElementsInCurrentOnly>false</hideElementsInCurrentOnly>
<bounds x="5" y="365" width="172" height="70"/>
</OView>
</objectViews>
<connectors>
<Connector class="oracle.dbtools.crest.swingui.relational.TVFKRelation" oid="02033B50-C661-3F7C-0B77-B8D7E01FEF95" otype="FKIndexAssociation" vid_source="426A2B28-4AD6-E0A7-1162-BE11D85690AD" vid_target="35E1A455-F248-B4ED-3663-9D7D84644384">
<hideElementsInCurrentOnly>false</hideElementsInCurrentOnly>
<backgroundColor>-16777216</backgroundColor>
<lineWidth>1</lineWidth>
<points>
<point x="274" y="246"/>
<point x="182" y="246"/>
</points>
</Connector>
<Connector class="oracle.dbtools.crest.swingui.relational.TVFKRelation" oid="1595140F-8E27-4FC0-5B3B-4FA2C848819F" otype="FKIndexAssociation" vid_source="F1FDEB63-3927-39E9-F9EE-555FFEB5A36E" vid_target="426A2B28-4AD6-E0A7-1162-BE11D85690AD">
<hideElementsInCurrentOnly>false</hideElementsInCurrentOnly>
<backgroundColor>-16777216</backgroundColor>
<lineWidth>1</lineWidth>
<points>
<point x="916" y="657"/>
<point x="916" y="322"/>
<point x="439" y="320"/>
<point x="439" y="257"/>
</points>
</Connector>
<Connector class="oracle.dbtools.crest.swingui.relational.TVFKRelation" oid="248A5DBF-1C0F-E584-C48D-A494D4CED88E" otype="FKIndexAssociation" vid_source="2F0FED1A-35DD-C576-3B21-841620D44B87" vid_target="808DCA93-9716-7076-A327-67240DFCF2D7">
<hideElementsInCurrentOnly>false</hideElementsInCurrentOnly>
<backgroundColor>-16777216</backgroundColor>
<lineWidth>1</lineWidth>
<points>
<point x="1012" y="248"/>
<point x="1063" y="248"/>
<point x="1063" y="354"/>
</points>
</Connector>
<Connector class="oracle.dbtools.crest.swingui.relational.TVFKRelation" oid="26FE7BFE-E965-38C0-7049-81AA56305E47" otype="FKIndexAssociation" vid_source="426A2B28-4AD6-E0A7-1162-BE11D85690AD" vid_target="F8590360-0A79-4F5D-AC03-4C23205F3748">
<hideElementsInCurrentOnly>false</hideElementsInCurrentOnly>
<backgroundColor>-16777216</backgroundColor>
<lineWidth>1</lineWidth>
<points>
<point x="450" y="227"/>
<point x="562" y="227"/>
</points>
</Connector>
<Connector class="oracle.dbtools.crest.swingui.relational.TVFKRelation" oid="307108FE-6086-C935-0D43-9E94FCC46BC2" otype="FKIndexAssociation" vid_source="F1FDEB63-3927-39E9-F9EE-555FFEB5A36E" vid_target="04A9E1A9-166F-743B-284D-3A774DA1D8EE">
<hideElementsInCurrentOnly>false</hideElementsInCurrentOnly>
<backgroundColor>-16777216</backgroundColor>
<lineWidth>1</lineWidth>
<points>
<point x="806" y="677"/>
<point x="400" y="501"/>
</points>
</Connector>
<Connector class="oracle.dbtools.crest.swingui.relational.TVFKRelation" oid="3F3B37E9-BCA7-702C-242B-0DF338187520" otype="FKIndexAssociation" vid_source="64FE4937-4FD2-6407-3A20-1A4AB61A0B13" vid_target="8F221D77-DEF9-F574-219E-19801B772BCE">
<hideElementsInCurrentOnly>false</hideElementsInCurrentOnly>
<backgroundColor>-16777216</backgroundColor>
<lineWidth>1</lineWidth>
<points>
<point x="372" y="483"/>
<point x="371" y="580"/>
</points>
</Connector>
<Connector class="oracle.dbtools.crest.swingui.relational.TVFKRelation" oid="4081A5F0-DE21-65FB-1118-4501AC85C774" otype="FKIndexAssociation" vid_source="99EFB653-6CE9-7100-561E-75B20373DEDC" vid_target="64FE4937-4FD2-6407-3A20-1A4AB61A0B13">
<hideElementsInCurrentOnly>false</hideElementsInCurrentOnly>
<backgroundColor>-16777216</backgroundColor>
<lineWidth>1</lineWidth>
<points>
<point x="127" y="577"/>
<point x="127" y="455"/>
<point x="301" y="455"/>
</points>
</Connector>
<Connector class="oracle.dbtools.crest.swingui.relational.TVFKRelation" oid="61884A9B-461A-85B4-A1A2-90743F6CE727" otype="FKIndexAssociation" vid_source="64FE4937-4FD2-6407-3A20-1A4AB61A0B13" vid_target="A1D9B2A3-8EC4-1217-B8CE-3F57F3633A03">
<hideElementsInCurrentOnly>false</hideElementsInCurrentOnly>
<backgroundColor>-16777216</backgroundColor>
<lineWidth>1</lineWidth>
<points>
<point x="471" y="454"/>
<point x="684" y="454"/>
</points>
</Connector>
<Connector class="oracle.dbtools.crest.swingui.relational.TVFKRelation" oid="6AB35BA1-08AC-E8E8-F4C7-17E6B3A0B59A" otype="FKIndexAssociation" vid_source="F1FDEB63-3927-39E9-F9EE-555FFEB5A36E" vid_target="A1D9B2A3-8EC4-1217-B8CE-3F57F3633A03">
<hideElementsInCurrentOnly>false</hideElementsInCurrentOnly>
<backgroundColor>-16777216</backgroundColor>
<lineWidth>1</lineWidth>
<points>
<point x="832" y="657"/>
<point x="832" y="577"/>
</points>
</Connector>
<Connector class="oracle.dbtools.crest.swingui.relational.TVFKRelation" oid="74C606ED-DE55-AD48-88FE-7FF51F23ABB0" otype="FKIndexAssociation" vid_source="1CE433A2-CA23-4716-B028-82A43702011B" vid_target="04A9E1A9-166F-743B-284D-3A774DA1D8EE">
<hideElementsInCurrentOnly>false</hideElementsInCurrentOnly>
<backgroundColor>-16777216</backgroundColor>
<lineWidth>1</lineWidth>
<points>
<point x="567" y="658"/>
<point x="387" y="520"/>
</points>
</Connector>
<Connector class="oracle.dbtools.crest.swingui.relational.TVFKRelation" oid="7BEFC5CE-A8C5-9908-C877-880009808552" otype="FKIndexAssociation" vid_source="64FE4937-4FD2-6407-3A20-1A4AB61A0B13" vid_target="426A2B28-4AD6-E0A7-1162-BE11D85690AD">
<hideElementsInCurrentOnly>false</hideElementsInCurrentOnly>
<backgroundColor>-16777216</backgroundColor>
<lineWidth>1</lineWidth>
<points>
<point x="375" y="365"/>
<point x="375" y="257"/>
</points>
</Connector>
<Connector class="oracle.dbtools.crest.swingui.relational.TVFKRelation" oid="AAB07BEF-301E-83F4-8DEA-13ABAF0B6E1D" otype="FKIndexAssociation" vid_source="624F64B1-3251-4B2D-6577-4A48317C2D8F" vid_target="35E1A455-F248-B4ED-3663-9D7D84644384">
<hideElementsInCurrentOnly>false</hideElementsInCurrentOnly>
<backgroundColor>-16777216</backgroundColor>
<lineWidth>1</lineWidth>
<points>
<point x="94" y="365"/>
<point x="94" y="294"/>
</points>
</Connector>
<Connector class="oracle.dbtools.crest.swingui.relational.TVFKRelation" oid="AEAFFAFE-1F32-CE7D-279C-35E0EB84C295" otype="FKIndexAssociation" vid_source="2F0FED1A-35DD-C576-3B21-841620D44B87" vid_target="F8590360-0A79-4F5D-AC03-4C23205F3748">
<hideElementsInCurrentOnly>false</hideElementsInCurrentOnly>
<backgroundColor>-16777216</backgroundColor>
<lineWidth>1</lineWidth>
<points>
<point x="841" y="256"/>
<point x="732" y="256"/>
</points>
</Connector>
<Connector class="oracle.dbtools.crest.swingui.relational.TVFKRelation" oid="D0982E30-F0AD-B2AC-3CF8-13E87F2A559E" otype="FKIndexAssociation" vid_source="720A2C2C-E56C-F0EA-9B32-51ADEF42095E" vid_target="F1FDEB63-3927-39E9-F9EE-555FFEB5A36E">
<hideElementsInCurrentOnly>false</hideElementsInCurrentOnly>
<backgroundColor>-16777216</backgroundColor>
<lineWidth>1</lineWidth>
<points>
<point x="1059" y="714"/>
<point x="977" y="714"/>
</points>
</Connector>
<Connector class="oracle.dbtools.crest.swingui.relational.TVFKRelation" oid="D2AE46B5-071E-3FB9-6A7A-EF5DBD72D6AF" otype="FKIndexAssociation" vid_source="A1D9B2A3-8EC4-1217-B8CE-3F57F3633A03" vid_target="808DCA93-9716-7076-A327-67240DFCF2D7">
<hideElementsInCurrentOnly>false</hideElementsInCurrentOnly>
<backgroundColor>-16777216</backgroundColor>
<lineWidth>1</lineWidth>
<points>
<point x="859" y="407"/>
<point x="1031" y="407"/>
</points>
</Connector>
<Connector class="oracle.dbtools.crest.swingui.relational.TVFKRelation" oid="E9755F51-CAAF-3A26-4FE1-E27C19BA5543" otype="FKIndexAssociation" vid_source="5055749A-F178-6836-D2F5-DF9490648A6A" vid_target="8F221D77-DEF9-F574-219E-19801B772BCE">
<hideElementsInCurrentOnly>false</hideElementsInCurrentOnly>
<backgroundColor>-16777216</backgroundColor>
<lineWidth>1</lineWidth>
<points>
<point x="392" y="731"/>
<point x="392" y="648"/>
</points>
</Connector>
<Connector class="oracle.dbtools.crest.swingui.relational.TVFKRelation" oid="F336C39E-59B6-87D3-31DD-F5838867A6DD" otype="FKIndexAssociation" vid_source="1CE433A2-CA23-4716-B028-82A43702011B" vid_target="A1D9B2A3-8EC4-1217-B8CE-3F57F3633A03">
<hideElementsInCurrentOnly>false</hideElementsInCurrentOnly>
<backgroundColor>-16777216</backgroundColor>
<lineWidth>1</lineWidth>
<points>
<point x="704" y="658"/>
<point x="704" y="577"/>
</points>
</Connector>
</connectors>
</Diagram>
