<?xml version = '1.0' encoding = 'UTF-8'?>
<FKIndexAssociation class="oracle.dbtools.crest.model.design.relational.FKIndexAssociation" directorySegmentName="seg_0" id="307108FE-6086-C935-0D43-9E94FCC46BC2" containerWithKeyObject="2FA692EC-12EB-BFC7-9A07-B64013C5C2D0" localFKIndex="54D97593-D6FC-43B8-FB00-BB2723EC7D64" name="CLINIC_VET_VET_FK">
<createdBy>nadeem</createdBy>
<createdTime>2021-04-28 06:58:00 UTC</createdTime>
<generatorID>6F9BA52E-05DC-1BDE-EB6B-C77CD94D5AAA</generatorID>
<ownerDesignName>ad_oraclemodel</ownerDesignName>
<referredTableLongName>VET</referredTableLongName>
<deleteRule>NO ACTION</deleteRule>
<referredTableID>A68A8C79-22C6-2B83-1612-4473E049ACC1</referredTableID>
<keyObject>68A579B0-1A6F-1616-1888-60B0525BA605</keyObject>
<referredKeyID>68A579B0-1A6F-1616-1888-60B0525BA605</referredKeyID>
<mandatory>true</mandatory>
<refColNames>vet_id</refColNames>
<transferable>true</transferable>
<rely>false</rely>
<columnDependencyConstraintGenerateInDDL>true</columnDependencyConstraintGenerateInDDL>
</FKIndexAssociation>
