<?xml version = '1.0' encoding = 'UTF-8'?>
<FKIndexAssociation class="oracle.dbtools.crest.model.design.relational.FKIndexAssociation" directorySegmentName="seg_0" id="3F3B37E9-BCA7-702C-242B-0DF338187520" containerWithKeyObject="569CE796-9196-8234-E2C3-A35B751F5D1B" localFKIndex="02BE66C4-52BC-02CE-376D-1C2CD03FC3DE" name="ANIMAL_OWNERSHIPREC">
<createdBy>nadeem</createdBy>
<createdTime>2021-04-28 06:58:00 UTC</createdTime>
<generatorID>12114F59-4A9B-DE12-AFD4-60EA18400D52</generatorID>
<ownerDesignName>ad_oraclemodel</ownerDesignName>
<referredTableLongName>ANIMAL</referredTableLongName>
<deleteRule>NO ACTION</deleteRule>
<referredTableID>FE0A65F0-592B-CAFC-4930-618A1EA4A34D</referredTableID>
<keyObject>9C5D33CB-B0B4-DDB3-A756-07747940183B</keyObject>
<referredKeyID>9C5D33CB-B0B4-DDB3-A756-07747940183B</referredKeyID>
<mandatory>true</mandatory>
<refColNames>animal_id</refColNames>
<transferable>true</transferable>
<rely>false</rely>
<columnDependencyConstraintGenerateInDDL>true</columnDependencyConstraintGenerateInDDL>
</FKIndexAssociation>
