<?xml version = '1.0' encoding = 'UTF-8'?>
<FKIndexAssociation class="oracle.dbtools.crest.model.design.relational.FKIndexAssociation" directorySegmentName="seg_0" id="4081A5F0-DE21-65FB-1118-4501AC85C774" containerWithKeyObject="FE0A65F0-592B-CAFC-4930-618A1EA4A34D" localFKIndex="C857400F-BA29-95C4-6C7F-9DB9C0D38636" name="ANIMALTYPE_ANIMAL">
<createdBy>nadeem</createdBy>
<createdTime>2021-04-28 06:58:00 UTC</createdTime>
<generatorID>C8345B83-3C88-5D68-6A69-930AFD0436A8</generatorID>
<ownerDesignName>ad_oraclemodel</ownerDesignName>
<referredTableLongName>ANIMAL_TYPE</referredTableLongName>
<deleteRule>NO ACTION</deleteRule>
<referredTableID>00D5E3FD-5056-4D82-3541-94291AFDAEC9</referredTableID>
<keyObject>10AFD88C-4A9D-7A21-62A9-74EFDE4B80A6</keyObject>
<referredKeyID>10AFD88C-4A9D-7A21-62A9-74EFDE4B80A6</referredKeyID>
<mandatory>true</mandatory>
<refColNames>animal_type_id</refColNames>
<transferable>true</transferable>
<rely>false</rely>
<columnDependencyConstraintGenerateInDDL>true</columnDependencyConstraintGenerateInDDL>
</FKIndexAssociation>
