<?xml version = '1.0' encoding = 'UTF-8'?>
<FKIndexAssociation class="oracle.dbtools.crest.model.design.relational.FKIndexAssociation" directorySegmentName="seg_0" id="6AB35BA1-08AC-E8E8-F4C7-17E6B3A0B59A" containerWithKeyObject="5677EF52-DE19-9494-0BDC-976716CDAAE8" localFKIndex="25F0FB0F-B473-23FB-1C1C-D979A2C76F71" name="VET_VISIT">
<createdBy>nadeem</createdBy>
<createdTime>2021-04-28 06:58:00 UTC</createdTime>
<generatorID>18A342BE-106D-0DCD-A31D-65B11345B4A6</generatorID>
<ownerDesignName>ad_oraclemodel</ownerDesignName>
<referredTableLongName>VET</referredTableLongName>
<deleteRule>NO ACTION</deleteRule>
<referredTableID>A68A8C79-22C6-2B83-1612-4473E049ACC1</referredTableID>
<keyObject>68A579B0-1A6F-1616-1888-60B0525BA605</keyObject>
<referredKeyID>68A579B0-1A6F-1616-1888-60B0525BA605</referredKeyID>
<mandatory>true</mandatory>
<refColNames>vet_id</refColNames>
<transferable>true</transferable>
<rely>false</rely>
<columnDependencyConstraintGenerateInDDL>true</columnDependencyConstraintGenerateInDDL>
</FKIndexAssociation>
