<?xml version = '1.0' encoding = 'UTF-8'?>
<FKIndexAssociation class="oracle.dbtools.crest.model.design.relational.FKIndexAssociation" directorySegmentName="seg_0" id="74C606ED-DE55-AD48-88FE-7FF51F23ABB0" containerWithKeyObject="2FA692EC-12EB-BFC7-9A07-B64013C5C2D0" localFKIndex="1DB8A1FA-6B37-C2D0-87DD-A181F2BA4831" name="CLINIC_VET_CLINIC_FK">
<createdBy>nadeem</createdBy>
<createdTime>2021-04-28 06:58:00 UTC</createdTime>
<generatorID>6F9BA52E-05DC-1BDE-EB6B-C77CD94D5AAA</generatorID>
<ownerDesignName>ad_oraclemodel</ownerDesignName>
<referredTableLongName>CLINIC</referredTableLongName>
<deleteRule>NO ACTION</deleteRule>
<referredTableID>22CBB835-163F-99FC-0E90-987D369CF23F</referredTableID>
<keyObject>F5993B0D-C2B5-DC09-B8E2-51F5C3774C16</keyObject>
<referredKeyID>F5993B0D-C2B5-DC09-B8E2-51F5C3774C16</referredKeyID>
<mandatory>true</mandatory>
<refColNames>clinic_id</refColNames>
<transferable>true</transferable>
<rely>false</rely>
<columnDependencyConstraintGenerateInDDL>true</columnDependencyConstraintGenerateInDDL>
</FKIndexAssociation>
