<?xml version = '1.0' encoding = 'UTF-8'?>
<Table class="oracle.dbtools.crest.model.design.relational.Table" directorySegmentName="seg_0" id="14B54AC4-18A6-0C60-3799-F941F1BDA92D" name="VET">
<createdBy>nadeem</createdBy>
<createdTime>2021-04-28 06:31:50 UTC</createdTime>
<generatorID>7D270BA5-3CE6-D959-30D8-5C317583D9B8</generatorID>
<ownerDesignName>ad_oraclemodel</ownerDesignName>
<allowColumnReorder>false</allowColumnReorder>
<existDependencyGenerateInDDl>true</existDependencyGenerateInDDl>
<parsed>true</parsed>
<columns itemClass="oracle.dbtools.crest.model.design.relational.Column">
<Column name="vet_id" id="2DE9AEE0-13E4-6844-155E-5C5389C0BCA9">
<createdBy>nadeem</createdBy>
<createdTime>2021-04-28 06:31:50 UTC</createdTime>
<commentInRDBMS><![CDATA[vet id]]></commentInRDBMS>
<generatorID>624AF373-8407-B94D-9956-9FAE7416F00D</generatorID>
<ownerDesignName>ad_oraclemodel</ownerDesignName>
<useDomainConstraints>false</useDomainConstraints>
<use>1</use>
<logicalDatatype>LOGDT019</logicalDatatype>
<dataTypePrecision>7</dataTypePrecision>
<ownDataTypeParameters>,7,</ownDataTypeParameters>
<autoIncrementCycle>false</autoIncrementCycle>
</Column>
<Column name="vet_given_name" id="C2F4663C-7AD4-E29D-DF37-E03992B83B52">
<createdBy>nadeem</createdBy>
<createdTime>2021-04-28 06:31:50 UTC</createdTime>
<commentInRDBMS><![CDATA[vet given name]]></commentInRDBMS>
<generatorID>1EFAE275-361C-7644-8A36-7B47F1CB4D68</generatorID>
<ownerDesignName>ad_oraclemodel</ownerDesignName>
<useDomainConstraints>false</useDomainConstraints>
<use>1</use>
<logicalDatatype>LOGDT024</logicalDatatype>
<dataTypeSize>50</dataTypeSize>
<ownDataTypeParameters>50,,</ownDataTypeParameters>
<autoIncrementCycle>false</autoIncrementCycle>
</Column>
<Column name="vet_family_name" id="D45B9CAF-B406-7C91-ED79-818E29645EB4">
<createdBy>nadeem</createdBy>
<createdTime>2021-04-28 06:31:50 UTC</createdTime>
<commentInRDBMS><![CDATA[vet family name]]></commentInRDBMS>
<generatorID>E8FC5E0E-A291-A927-2012-2933697AC038</generatorID>
<ownerDesignName>ad_oraclemodel</ownerDesignName>
<useDomainConstraints>false</useDomainConstraints>
<use>1</use>
<logicalDatatype>LOGDT024</logicalDatatype>
<dataTypeSize>50</dataTypeSize>
<ownDataTypeParameters>50,,</ownDataTypeParameters>
<autoIncrementCycle>false</autoIncrementCycle>
</Column>
<Column name="vet_phone_number" id="0CBAE019-4CD0-1F8C-44EE-46DB0A316784">
<createdBy>nadeem</createdBy>
<createdTime>2021-04-28 06:31:50 UTC</createdTime>
<commentInRDBMS><![CDATA[vet phone number]]></commentInRDBMS>
<generatorID>7955959D-7334-F213-5823-EEF7CF1EB7AA</generatorID>
<ownerDesignName>ad_oraclemodel</ownerDesignName>
<nullsAllowed>true</nullsAllowed>
<useDomainConstraints>false</useDomainConstraints>
<use>1</use>
<logicalDatatype>LOGDT025</logicalDatatype>
<dataTypeSize>10</dataTypeSize>
<ownDataTypeParameters>10,,</ownDataTypeParameters>
<autoIncrementCycle>false</autoIncrementCycle>
</Column>
<Column name="vet_first_employ_date" id="31CE0231-C39F-99A9-3480-6B93DF936467">
<createdBy>nadeem</createdBy>
<createdTime>2021-04-28 06:31:50 UTC</createdTime>
<commentInRDBMS><![CDATA[vet first employment date]]></commentInRDBMS>
<generatorID>CDEC2D18-D8E9-440F-F54B-8B5EB1C957FA</generatorID>
<ownerDesignName>ad_oraclemodel</ownerDesignName>
<useDomainConstraints>false</useDomainConstraints>
<use>1</use>
<logicalDatatype>LOGDT007</logicalDatatype>
<ownDataTypeParameters>,,</ownDataTypeParameters>
<autoIncrementCycle>false</autoIncrementCycle>
</Column>
<Column name="specialisation_id" id="DA13E49D-D3F2-C7E4-BFA1-3B5C2460C5C1">
<createdBy>nadeem</createdBy>
<createdTime>2021-04-28 06:31:50 UTC</createdTime>
<commentInRDBMS><![CDATA[specialisation id]]></commentInRDBMS>
<generatorID>5983A62D-A9EB-08AE-AF46-C47BADBFD130</generatorID>
<ownerDesignName>ad_oraclemodel</ownerDesignName>
<nullsAllowed>true</nullsAllowed>
<useDomainConstraints>false</useDomainConstraints>
<use>1</use>
<logicalDatatype>LOGDT019</logicalDatatype>
<dataTypePrecision>7</dataTypePrecision>
<ownDataTypeParameters>,,</ownDataTypeParameters>
<previousColumn>false</previousColumn>
<autoIncrementCycle>false</autoIncrementCycle>
<associations>
<colAssociation fkAssociation="190E0512-1794-4B3C-CC96-7DEF1687CF80" referredColumn="93A2B0BD-1736-70D3-C1CA-E9E1CD5F73C2"/>
</associations>
</Column>
<Column name="vet_foreign_visit_count" id="8D792B0B-277D-5F43-CBAA-B71605EAE49B">
<createdBy>nadeem</createdBy>
<createdTime>2021-04-28 06:31:50 UTC</createdTime>
<commentInRDBMS><![CDATA[count of foreign visits]]></commentInRDBMS>
<generatorID>8F9FA4D5-E8AB-6AAB-5239-4877342F30A7</generatorID>
<ownerDesignName>ad_oraclemodel</ownerDesignName>
<nullsAllowed>true</nullsAllowed>
<useDomainConstraints>false</useDomainConstraints>
<use>1</use>
<logicalDatatype>LOGDT019</logicalDatatype>
<dataTypePrecision>7</dataTypePrecision>
<ownDataTypeParameters>,7,</ownDataTypeParameters>
<autoIncrementCycle>false</autoIncrementCycle>
</Column>
</columns>
<indexes itemClass="oracle.dbtools.crest.model.design.relational.Index">
<ind_PK_UK id="FCAB1A15-F742-621C-0A39-FB87FD20EF85" name="VET_PK">
<createdBy>nadeem</createdBy>
<createdTime>2021-04-28 06:31:50 UTC</createdTime>
<generatorID>AE070D35-B5C8-D5DC-0090-BBFBC160E804</generatorID>
<ownerDesignName>ad_oraclemodel</ownerDesignName>
<pk>true</pk>
<indexState>Primary Constraint</indexState>
<isSurrogateKey>false</isSurrogateKey>
<indexColumnUsage>
<colUsage columnID="2DE9AEE0-13E4-6844-155E-5C5389C0BCA9"/>
</indexColumnUsage>
</ind_PK_UK>
<ind_PK_UK id="5AA0FB79-5791-D43E-161C-1C2DC17ADDB6" name="SPECIALISATION_VET">
<createdBy>nadeem</createdBy>
<createdTime>2021-04-28 06:31:50 UTC</createdTime>
<generatorID>EF76F857-D52E-86CD-566C-FF5250B02F8B</generatorID>
<ownerDesignName>ad_oraclemodel</ownerDesignName>
<indexState>Foreign Key</indexState>
<isSurrogateKey>false</isSurrogateKey>
<indexColumnUsage>
<colUsage columnID="DA13E49D-D3F2-C7E4-BFA1-3B5C2460C5C1"/>
</indexColumnUsage>
</ind_PK_UK>
</indexes>
</Table>
