<?xml version = '1.0' encoding = 'UTF-8'?>
<Table class="oracle.dbtools.crest.model.design.relational.Table" directorySegmentName="seg_0" id="5A2A0617-6D85-7458-6B8E-ACD5ACA79678" name="ANIMAL">
<createdBy>nadeem</createdBy>
<createdTime>2021-04-28 06:31:50 UTC</createdTime>
<generatorID>70A05ED6-CF29-2D39-722B-4C25118C87EF</generatorID>
<ownerDesignName>ad_oraclemodel</ownerDesignName>
<allowColumnReorder>false</allowColumnReorder>
<existDependencyGenerateInDDl>true</existDependencyGenerateInDDl>
<parsed>true</parsed>
<columns itemClass="oracle.dbtools.crest.model.design.relational.Column">
<Column name="animal_id" id="06652557-653B-9471-1610-5F4D5777AFB3">
<createdBy>nadeem</createdBy>
<createdTime>2021-04-28 06:31:50 UTC</createdTime>
<commentInRDBMS><![CDATA[animal id]]></commentInRDBMS>
<generatorID>DE3525EE-733A-9F94-E9E1-3E69B52BB12E</generatorID>
<ownerDesignName>ad_oraclemodel</ownerDesignName>
<useDomainConstraints>false</useDomainConstraints>
<use>1</use>
<logicalDatatype>LOGDT019</logicalDatatype>
<dataTypePrecision>7</dataTypePrecision>
<ownDataTypeParameters>,7,</ownDataTypeParameters>
<autoIncrementCycle>false</autoIncrementCycle>
</Column>
<Column name="animal_gender" id="E7D04A62-A0D1-69A3-D5E2-9116558F5656">
<createdBy>nadeem</createdBy>
<createdTime>2021-04-28 06:31:50 UTC</createdTime>
<commentInRDBMS><![CDATA[animal gender]]></commentInRDBMS>
<generatorID>0ACBFB1D-39BE-CD97-94F0-3A9EEF8F6960</generatorID>
<ownerDesignName>ad_oraclemodel</ownerDesignName>
<constraintName>chk_animal_gender</constraintName>
<useDomainConstraints>false</useDomainConstraints>
<use>1</use>
<logicalDatatype>LOGDT024</logicalDatatype>
<dataTypeSize>6</dataTypeSize>
<listOfValues>
<valueDef value="F" description="Female"/>
<valueDef value="M" description="Male"/>
</listOfValues>
<ownDataTypeParameters>6,,</ownDataTypeParameters>
<autoIncrementCycle>false</autoIncrementCycle>
</Column>
<Column name="animal_name" id="7E8FCEFF-8324-5DCA-BB9A-790A1893B630">
<createdBy>nadeem</createdBy>
<createdTime>2021-04-28 06:31:50 UTC</createdTime>
<commentInRDBMS><![CDATA[animal name]]></commentInRDBMS>
<generatorID>BF7C71AC-CFEE-EBBC-1E29-9221CB1B2785</generatorID>
<ownerDesignName>ad_oraclemodel</ownerDesignName>
<useDomainConstraints>false</useDomainConstraints>
<use>1</use>
<logicalDatatype>LOGDT024</logicalDatatype>
<dataTypeSize>50</dataTypeSize>
<ownDataTypeParameters>50,,</ownDataTypeParameters>
<autoIncrementCycle>false</autoIncrementCycle>
</Column>
<Column name="animal_birthdate" id="69775899-D6A7-F9B9-6D7D-0BE29EBE6114">
<createdBy>nadeem</createdBy>
<createdTime>2021-04-28 06:31:50 UTC</createdTime>
<commentInRDBMS><![CDATA[animal date of birth]]></commentInRDBMS>
<generatorID>C76F06D6-795F-6963-561D-F1D0FC51C608</generatorID>
<ownerDesignName>ad_oraclemodel</ownerDesignName>
<useDomainConstraints>false</useDomainConstraints>
<use>1</use>
<logicalDatatype>LOGDT007</logicalDatatype>
<ownDataTypeParameters>,,</ownDataTypeParameters>
<autoIncrementCycle>false</autoIncrementCycle>
</Column>
<Column name="animal_deceased" id="1D70C3C0-9CD0-5AD9-7349-1A58713BB2DB">
<createdBy>nadeem</createdBy>
<createdTime>2021-04-28 06:31:50 UTC</createdTime>
<commentInRDBMS><![CDATA[animal deceased or not]]></commentInRDBMS>
<generatorID>40E4CD7A-083E-0686-D869-1ED17FBF4BEF</generatorID>
<ownerDesignName>ad_oraclemodel</ownerDesignName>
<constraintName>chk_animal_deceased</constraintName>
<useDomainConstraints>false</useDomainConstraints>
<use>1</use>
<logicalDatatype>LOGDT024</logicalDatatype>
<dataTypeSize>3</dataTypeSize>
<listOfValues>
<valueDef value="N" description="No"/>
<valueDef value="Y" description="Yes"/>
</listOfValues>
<ownDataTypeParameters>3,,</ownDataTypeParameters>
<autoIncrementCycle>false</autoIncrementCycle>
</Column>
<Column name="animal_type_id" id="E5785887-F6F3-18CB-E763-DB78C6ADA88C">
<createdBy>nadeem</createdBy>
<createdTime>2021-04-28 06:31:50 UTC</createdTime>
<commentInRDBMS><![CDATA[animal type id]]></commentInRDBMS>
<generatorID>2A2ED137-E226-32EE-001A-BD88758D5CC1</generatorID>
<ownerDesignName>ad_oraclemodel</ownerDesignName>
<useDomainConstraints>false</useDomainConstraints>
<use>1</use>
<logicalDatatype>LOGDT019</logicalDatatype>
<dataTypePrecision>7</dataTypePrecision>
<ownDataTypeParameters>,,</ownDataTypeParameters>
<previousColumn>false</previousColumn>
<autoIncrementCycle>false</autoIncrementCycle>
<associations>
<colAssociation fkAssociation="10117DF6-6737-EDD5-08AE-391B5C0A562C" referredColumn="0988678C-1B82-8D98-2584-D4442F2FA1CD"/>
</associations>
</Column>
</columns>
<indexes itemClass="oracle.dbtools.crest.model.design.relational.Index">
<ind_PK_UK id="5891AB12-0109-866B-8845-CA0AB845E89C" name="ANIMAL_PK">
<createdBy>nadeem</createdBy>
<createdTime>2021-04-28 06:31:50 UTC</createdTime>
<generatorID>41D3389C-54D7-717E-F821-7D97EEC22F1C</generatorID>
<ownerDesignName>ad_oraclemodel</ownerDesignName>
<pk>true</pk>
<indexState>Primary Constraint</indexState>
<isSurrogateKey>false</isSurrogateKey>
<indexColumnUsage>
<colUsage columnID="06652557-653B-9471-1610-5F4D5777AFB3"/>
</indexColumnUsage>
</ind_PK_UK>
<ind_PK_UK id="D47D4BEE-5298-EE82-3EC8-6E491BDB20AB" name="ANIMALTYPE_ANIMAL">
<createdBy>nadeem</createdBy>
<createdTime>2021-04-28 06:31:50 UTC</createdTime>
<generatorID>C8345B83-3C88-5D68-6A69-930AFD0436A8</generatorID>
<ownerDesignName>ad_oraclemodel</ownerDesignName>
<indexState>Foreign Key</indexState>
<isSurrogateKey>false</isSurrogateKey>
<indexColumnUsage>
<colUsage columnID="E5785887-F6F3-18CB-E763-DB78C6ADA88C"/>
</indexColumnUsage>
</ind_PK_UK>
</indexes>
</Table>
