<?xml version = '1.0' encoding = 'UTF-8'?>
<Table class="oracle.dbtools.crest.model.design.relational.Table" directorySegmentName="seg_0" id="B28F8EB6-E2EA-636A-E954-3BB8D1EBAFD0" name="CLINIC_VET">
<createdBy>nadeem</createdBy>
<createdTime>2021-04-28 06:31:50 UTC</createdTime>
<ownerDesignName>ad_oraclemodel</ownerDesignName>
<allowColumnReorder>false</allowColumnReorder>
<existDependencyGenerateInDDl>true</existDependencyGenerateInDDl>
<parsed>true</parsed>
<columns itemClass="oracle.dbtools.crest.model.design.relational.Column">
<Column name="clinic_id" id="F5239B75-5F26-4307-5C73-7D3D2C525036">
<createdBy>nadeem</createdBy>
<createdTime>2021-04-28 06:31:50 UTC</createdTime>
<ownerDesignName>ad_oraclemodel</ownerDesignName>
<useDomainConstraints>false</useDomainConstraints>
<use>1</use>
<logicalDatatype>LOGDT019</logicalDatatype>
<dataTypePrecision>7</dataTypePrecision>
<ownDataTypeParameters>,,</ownDataTypeParameters>
<previousColumn>false</previousColumn>
<autoIncrementCycle>false</autoIncrementCycle>
<associations>
<colAssociation fkAssociation="55C53F32-74B3-8FA6-E7EE-BCEEC542663D" referredColumn="98E9AFC3-62ED-4376-0DDC-16596FF7FE6C"/>
</associations>
</Column>
<Column name="vet_id" id="FE60A61E-7E84-70CB-4045-59ABFA2ABF02">
<createdBy>nadeem</createdBy>
<createdTime>2021-04-28 06:31:50 UTC</createdTime>
<ownerDesignName>ad_oraclemodel</ownerDesignName>
<useDomainConstraints>false</useDomainConstraints>
<use>1</use>
<logicalDatatype>LOGDT019</logicalDatatype>
<dataTypePrecision>7</dataTypePrecision>
<ownDataTypeParameters>,,</ownDataTypeParameters>
<previousColumn>false</previousColumn>
<autoIncrementCycle>false</autoIncrementCycle>
<associations>
<colAssociation fkAssociation="B209F11F-D3A3-93D7-142D-BEF6CA5931EB" referredColumn="2DE9AEE0-13E4-6844-155E-5C5389C0BCA9"/>
</associations>
</Column>
</columns>
<indexes itemClass="oracle.dbtools.crest.model.design.relational.Index">
<ind_PK_UK id="6083CEE3-D4F2-581F-9919-74E86C131571" name="CLINIC_VET_PK">
<createdBy>nadeem</createdBy>
<createdTime>2021-04-28 06:31:50 UTC</createdTime>
<ownerDesignName>ad_oraclemodel</ownerDesignName>
<pk>true</pk>
<indexState>Primary Constraint</indexState>
<isSurrogateKey>false</isSurrogateKey>
<indexColumnUsage>
<colUsage columnID="F5239B75-5F26-4307-5C73-7D3D2C525036"/>
<colUsage columnID="FE60A61E-7E84-70CB-4045-59ABFA2ABF02"/>
</indexColumnUsage>
</ind_PK_UK>
<ind_PK_UK id="4FB39188-8C50-E3A5-1CB1-90111D4D5E7D" name="CLINIC_VET_CLINIC_FK">
<createdBy>nadeem</createdBy>
<createdTime>2021-04-28 06:31:50 UTC</createdTime>
<generatorID>6F9BA52E-05DC-1BDE-EB6B-C77CD94D5AAA</generatorID>
<ownerDesignName>ad_oraclemodel</ownerDesignName>
<indexState>Foreign Key</indexState>
<isSurrogateKey>false</isSurrogateKey>
<indexColumnUsage>
<colUsage columnID="F5239B75-5F26-4307-5C73-7D3D2C525036"/>
</indexColumnUsage>
</ind_PK_UK>
<ind_PK_UK id="A12F58CA-4D76-396D-6C9A-AD7E461432DF" name="CLINIC_VET_VET_FK">
<createdBy>nadeem</createdBy>
<createdTime>2021-04-28 06:31:50 UTC</createdTime>
<generatorID>6F9BA52E-05DC-1BDE-EB6B-C77CD94D5AAA</generatorID>
<ownerDesignName>ad_oraclemodel</ownerDesignName>
<indexState>Foreign Key</indexState>
<isSurrogateKey>false</isSurrogateKey>
<indexColumnUsage>
<colUsage columnID="FE60A61E-7E84-70CB-4045-59ABFA2ABF02"/>
</indexColumnUsage>
</ind_PK_UK>
</indexes>
</Table>
