<?xml version = '1.0' encoding = 'UTF-8'?>
<Table class="oracle.dbtools.crest.model.design.relational.Table" directorySegmentName="seg_0" id="C3791E0E-C301-01F7-E5B2-E0042171A52C" name="SERVICE_REC">
<createdBy>nadeem</createdBy>
<createdTime>2021-04-28 06:31:50 UTC</createdTime>
<generatorID>09D8419E-923E-EB38-D105-558D6CA3E214</generatorID>
<ownerDesignName>ad_oraclemodel</ownerDesignName>
<allowColumnReorder>false</allowColumnReorder>
<existDependencyGenerateInDDl>true</existDependencyGenerateInDDl>
<parsed>true</parsed>
<columns itemClass="oracle.dbtools.crest.model.design.relational.Column">
<Column name="service_code" id="4E764060-3E68-199F-ABC1-F5EC539F4C9B">
<createdBy>nadeem</createdBy>
<createdTime>2021-04-28 06:31:50 UTC</createdTime>
<commentInRDBMS><![CDATA[service code]]></commentInRDBMS>
<generatorID>9625E3A3-36A1-B02A-9C5F-9836E8A7F812</generatorID>
<ownerDesignName>ad_oraclemodel</ownerDesignName>
<useDomainConstraints>false</useDomainConstraints>
<use>1</use>
<logicalDatatype>LOGDT019</logicalDatatype>
<dataTypePrecision>7</dataTypePrecision>
<ownDataTypeParameters>,,</ownDataTypeParameters>
<previousColumn>false</previousColumn>
<autoIncrementCycle>false</autoIncrementCycle>
<associations>
<colAssociation fkAssociation="627B6CE7-D743-C937-3449-CE6E9AF7AC8E" referredColumn="B0F5ACAE-BD93-9401-7B48-0346C4DD63A4"/>
</associations>
</Column>
<Column name="animal_id" id="1D245C0F-9888-38D6-803F-D9C6988047AB">
<createdBy>nadeem</createdBy>
<createdTime>2021-04-28 06:31:50 UTC</createdTime>
<commentInRDBMS><![CDATA[animal id]]></commentInRDBMS>
<generatorID>2BA72633-9C95-8543-5455-5867DB2AB798</generatorID>
<ownerDesignName>ad_oraclemodel</ownerDesignName>
<useDomainConstraints>false</useDomainConstraints>
<use>1</use>
<logicalDatatype>LOGDT019</logicalDatatype>
<dataTypePrecision>7</dataTypePrecision>
<ownDataTypeParameters>,,</ownDataTypeParameters>
<previousColumn>false</previousColumn>
<autoIncrementCycle>false</autoIncrementCycle>
<associations>
<colAssociation fkAssociation="3EA3C0EF-9E0A-0B73-50E1-73AD6054BEF3" referredColumn="2E615852-D8D3-796B-FF16-C7C684E43DE0"/>
</associations>
</Column>
<Column name="invoice_date" id="3423C700-5DEF-F318-CFD5-CEC0F9D52231">
<createdBy>nadeem</createdBy>
<createdTime>2021-04-28 06:31:50 UTC</createdTime>
<commentInRDBMS><![CDATA[invoice date]]></commentInRDBMS>
<generatorID>37B45724-2322-6CCA-96B1-4EEA6AC0615D</generatorID>
<ownerDesignName>ad_oraclemodel</ownerDesignName>
<useDomainConstraints>false</useDomainConstraints>
<use>1</use>
<logicalDatatype>LOGDT007</logicalDatatype>
<ownDataTypeParameters>,,</ownDataTypeParameters>
<previousColumn>false</previousColumn>
<autoIncrementCycle>false</autoIncrementCycle>
<associations>
<colAssociation fkAssociation="3EA3C0EF-9E0A-0B73-50E1-73AD6054BEF3" referredColumn="E4FA00D8-CC7C-9F85-67F1-4B08386AF4A3"/>
</associations>
</Column>
</columns>
<indexes itemClass="oracle.dbtools.crest.model.design.relational.Index">
<ind_PK_UK id="A7CE1F56-46B1-D197-767C-425CB64FBDFE" name="SERVICE_REC_PK">
<createdBy>nadeem</createdBy>
<createdTime>2021-04-28 06:31:50 UTC</createdTime>
<generatorID>A29C50FE-EE12-6C94-F860-2A3821EC50C5</generatorID>
<ownerDesignName>ad_oraclemodel</ownerDesignName>
<pk>true</pk>
<indexState>Primary Constraint</indexState>
<isSurrogateKey>false</isSurrogateKey>
<indexColumnUsage>
<colUsage columnID="4E764060-3E68-199F-ABC1-F5EC539F4C9B"/>
<colUsage columnID="3423C700-5DEF-F318-CFD5-CEC0F9D52231"/>
<colUsage columnID="1D245C0F-9888-38D6-803F-D9C6988047AB"/>
</indexColumnUsage>
</ind_PK_UK>
<ind_PK_UK id="257CEA6B-8BFB-1AAD-DBAB-CFA50BC5AD81" name="INVOICE_SERVICEREC">
<createdBy>nadeem</createdBy>
<createdTime>2021-04-28 06:31:50 UTC</createdTime>
<generatorID>D3659DC4-7D47-F7A1-9BF6-387127F1A167</generatorID>
<ownerDesignName>ad_oraclemodel</ownerDesignName>
<indexState>Foreign Key</indexState>
<isSurrogateKey>false</isSurrogateKey>
<indexColumnUsage>
<colUsage columnID="1D245C0F-9888-38D6-803F-D9C6988047AB"/>
<colUsage columnID="3423C700-5DEF-F318-CFD5-CEC0F9D52231"/>
</indexColumnUsage>
</ind_PK_UK>
<ind_PK_UK id="1A966C98-3F2D-C227-A9AC-A8B3447EC3DB" name="SERVICE_SERVICEREC">
<createdBy>nadeem</createdBy>
<createdTime>2021-04-28 06:31:50 UTC</createdTime>
<generatorID>AF198AD5-050B-7051-01D3-D1E8874D220A</generatorID>
<ownerDesignName>ad_oraclemodel</ownerDesignName>
<indexState>Foreign Key</indexState>
<isSurrogateKey>false</isSurrogateKey>
<indexColumnUsage>
<colUsage columnID="4E764060-3E68-199F-ABC1-F5EC539F4C9B"/>
</indexColumnUsage>
</ind_PK_UK>
</indexes>
</Table>
