<?xml version = '1.0' encoding = 'UTF-8'?>
<FKIndexAssociation class="oracle.dbtools.crest.model.design.relational.FKIndexAssociation" directorySegmentName="seg_0" id="3EA3C0EF-9E0A-0B73-50E1-73AD6054BEF3" containerWithKeyObject="C3791E0E-C301-01F7-E5B2-E0042171A52C" localFKIndex="257CEA6B-8BFB-1AAD-DBAB-CFA50BC5AD81" name="INVOICE_SERVICEREC">
<createdBy>nadeem</createdBy>
<createdTime>2021-04-28 06:31:50 UTC</createdTime>
<generatorID>D3659DC4-7D47-F7A1-9BF6-387127F1A167</generatorID>
<ownerDesignName>ad_oraclemodel</ownerDesignName>
<referredTableLongName>INVOICE</referredTableLongName>
<deleteRule>NO ACTION</deleteRule>
<referredTableID>B7B46739-9C85-51BE-AD57-35DFEFE6A18A</referredTableID>
<keyObject>797350E5-25D2-196B-8D15-2E8A07F325FE</keyObject>
<referredKeyID>797350E5-25D2-196B-8D15-2E8A07F325FE</referredKeyID>
<mandatory>true</mandatory>
<refColNames>animal_id,invoice_date</refColNames>
<transferable>true</transferable>
<rely>false</rely>
<columnDependencyConstraintGenerateInDDL>true</columnDependencyConstraintGenerateInDDL>
</FKIndexAssociation>
