<?xml version = '1.0' encoding = 'UTF-8'?>
<FKIndexAssociation class="oracle.dbtools.crest.model.design.relational.FKIndexAssociation" directorySegmentName="seg_0" id="55C53F32-74B3-8FA6-E7EE-BCEEC542663D" containerWithKeyObject="B28F8EB6-E2EA-636A-E954-3BB8D1EBAFD0" localFKIndex="4FB39188-8C50-E3A5-1CB1-90111D4D5E7D" name="CLINIC_VET_CLINIC_FK">
<createdBy>nadeem</createdBy>
<createdTime>2021-04-28 06:31:50 UTC</createdTime>
<generatorID>6F9BA52E-05DC-1BDE-EB6B-C77CD94D5AAA</generatorID>
<ownerDesignName>ad_oraclemodel</ownerDesignName>
<referredTableLongName>CLINIC</referredTableLongName>
<deleteRule>NO ACTION</deleteRule>
<referredTableID>88C8D516-5702-FAE6-8158-D23CEC2698D8</referredTableID>
<keyObject>CBA54EB0-9B72-6655-0A5E-7E21D4BD82AE</keyObject>
<referredKeyID>CBA54EB0-9B72-6655-0A5E-7E21D4BD82AE</referredKeyID>
<mandatory>true</mandatory>
<refColNames>clinic_id</refColNames>
<transferable>true</transferable>
<rely>false</rely>
<columnDependencyConstraintGenerateInDDL>true</columnDependencyConstraintGenerateInDDL>
</FKIndexAssociation>
