<?xml version = '1.0' encoding = 'UTF-8'?>
<FKIndexAssociation class="oracle.dbtools.crest.model.design.relational.FKIndexAssociation" directorySegmentName="seg_0" id="627B6CE7-D743-C937-3449-CE6E9AF7AC8E" containerWithKeyObject="C3791E0E-C301-01F7-E5B2-E0042171A52C" localFKIndex="1A966C98-3F2D-C227-A9AC-A8B3447EC3DB" name="SERVICE_SERVICEREC">
<createdBy>nadeem</createdBy>
<createdTime>2021-04-28 06:31:50 UTC</createdTime>
<generatorID>AF198AD5-050B-7051-01D3-D1E8874D220A</generatorID>
<ownerDesignName>ad_oraclemodel</ownerDesignName>
<referredTableLongName>SERVICE</referredTableLongName>
<deleteRule>NO ACTION</deleteRule>
<referredTableID>572F7CD6-DD11-DE95-8205-A5FA00EAB73D</referredTableID>
<keyObject>C0E7DB8D-0548-AA46-D0A3-D300236B8C87</keyObject>
<referredKeyID>C0E7DB8D-0548-AA46-D0A3-D300236B8C87</referredKeyID>
<mandatory>true</mandatory>
<refColNames>service_code</refColNames>
<transferable>true</transferable>
<rely>false</rely>
<columnDependencyConstraintGenerateInDDL>true</columnDependencyConstraintGenerateInDDL>
</FKIndexAssociation>
