<?xml version = '1.0' encoding = 'UTF-8'?>
<FKIndexAssociation class="oracle.dbtools.crest.model.design.relational.FKIndexAssociation" directorySegmentName="seg_0" id="9A1800CC-C41B-16A7-33BC-4FD470D601F8" containerWithKeyObject="18B74441-E4B5-10A6-ED6B-472D13FC0E9C" localFKIndex="A8010493-1269-3E21-FB76-43FE016E9B9E" name="VET_VISIT">
<createdBy>nadeem</createdBy>
<createdTime>2021-04-28 06:31:50 UTC</createdTime>
<generatorID>18A342BE-106D-0DCD-A31D-65B11345B4A6</generatorID>
<ownerDesignName>ad_oraclemodel</ownerDesignName>
<referredTableLongName>VET</referredTableLongName>
<deleteRule>NO ACTION</deleteRule>
<referredTableID>14B54AC4-18A6-0C60-3799-F941F1BDA92D</referredTableID>
<keyObject>FCAB1A15-F742-621C-0A39-FB87FD20EF85</keyObject>
<referredKeyID>FCAB1A15-F742-621C-0A39-FB87FD20EF85</referredKeyID>
<mandatory>true</mandatory>
<refColNames>vet_id</refColNames>
<transferable>true</transferable>
<rely>false</rely>
<columnDependencyConstraintGenerateInDDL>true</columnDependencyConstraintGenerateInDDL>
</FKIndexAssociation>
