<?xml version = '1.0' encoding = 'UTF-8'?>
<Diagram class="oracle.dbtools.crest.swingui.logical.DPVLogical" name="Logical" id="02D88DD9-CE9E-01F4-9E4E-4BB0EE71AE02">
<createdBy>nadeem</createdBy>
<modifiedBy>nadeem</modifiedBy>
<createdTime>2021-04-27 22:07:47 UTC</createdTime>
<autoRoute>false</autoRoute>
<boxInbox>true</boxInbox>
<showLegend>true</showLegend>
<showLabels>true</showLabels>
<showRelAttributes>false</showRelAttributes>
<gridEnabled>false</gridEnabled>
<showGrid>false</showGrid>
<diagramColor>-1</diagramColor>
<legendPosX>6</legendPosX>
<legendPosY>4</legendPosY>
<display>false</display>
<notation>2</notation>
<showAllDetails>false</showAllDetails>
<showElements>true</showElements>
<objectViews>
<OView class="oracle.dbtools.crest.swingui.logical.TVEntity" oid="09D8419E-923E-EB38-D105-558D6CA3E214" otype="Entity" vid="AD1B7175-29B7-D30F-FAF2-2C706ACBF110">
<hideElementsInCurrentOnly>false</hideElementsInCurrentOnly>
<bounds x="11" y="205" width="171" height="89"/>
</OView>
<OView class="oracle.dbtools.crest.swingui.logical.TVEntity" oid="1D1C2BCA-5DB7-9306-B07E-8E3ED01F9C1F" otype="Entity" vid="879B4F5F-4FC6-35C7-E7C9-AD127388FF70">
<hideElementsInCurrentOnly>false</hideElementsInCurrentOnly>
<bounds x="841" y="212" width="171" height="82"/>
</OView>
<OView class="oracle.dbtools.crest.swingui.logical.TVEntity" oid="2B4C3876-0A42-176C-3591-0ADFBEEA4DF6" otype="Entity" vid="84E67417-4C80-9A7F-1AC7-A8D19C3472B6">
<hideElementsInCurrentOnly>false</hideElementsInCurrentOnly>
<bounds x="684" y="395" width="175" height="182"/>
</OView>
<OView class="oracle.dbtools.crest.swingui.logical.TVEntity" oid="2EDDCEBA-B7B2-FCF2-30DB-0ECB1FD83A21" otype="Entity" vid="0368B072-1480-4F0B-A249-1EE06078030B">
<hideElementsInCurrentOnly>false</hideElementsInCurrentOnly>
<bounds x="5" y="365" width="172" height="70"/>
</OView>
<OView class="oracle.dbtools.crest.swingui.logical.TVEntity" oid="70A05ED6-CF29-2D39-722B-4C25118C87EF" otype="Entity" vid="093BEBDB-9166-ED04-31DF-8685F7DAAA0E">
<hideElementsInCurrentOnly>false</hideElementsInCurrentOnly>
<bounds x="301" y="365" width="170" height="118"/>
</OView>
<OView class="oracle.dbtools.crest.swingui.TVNote" oid="7558375D-6F14-3624-59AF-1F73C5495C57" otype="Note" vid="9A38F0BC-46B7-A410-DAB3-651E507593FD">
<hideElementsInCurrentOnly>false</hideElementsInCurrentOnly>
<bounds x="239" y="48" width="262" height="38"/>
<comment>Nadeem Emadeldin Hamed Hamed Abdelkader
30146224</comment>
</OView>
<OView class="oracle.dbtools.crest.swingui.logical.TVEntity" oid="79B7EAAE-B364-7469-FCE5-F9426A8EFD29" otype="Entity" vid="86B2198A-9F41-42A9-D5C4-295387A827E5">
<hideElementsInCurrentOnly>false</hideElementsInCurrentOnly>
<bounds x="292" y="731" width="172" height="136"/>
</OView>
<OView class="oracle.dbtools.crest.swingui.logical.TVEntity" oid="7D270BA5-3CE6-D959-30D8-5C317583D9B8" otype="Entity" vid="068A0102-EE4E-4FBB-AF90-D34DE4661B68">
<hideElementsInCurrentOnly>false</hideElementsInCurrentOnly>
<bounds x="806" y="657" width="171" height="116"/>
</OView>
<OView class="oracle.dbtools.crest.swingui.logical.TVEntity" oid="7DFA9618-E45A-6F53-6A17-2A099A8D5167" otype="Entity" vid="F1F15EF2-F976-3B0E-3797-A5065ADDF407">
<hideElementsInCurrentOnly>false</hideElementsInCurrentOnly>
<bounds x="1059" y="659" width="170" height="110"/>
</OView>
<OView class="oracle.dbtools.crest.swingui.logical.TVEntity" oid="877AF836-41EA-108E-E720-C9BCF4B918A0" otype="Entity" vid="1D1D7293-6869-D9B9-A656-95D44E95618D">
<hideElementsInCurrentOnly>false</hideElementsInCurrentOnly>
<bounds x="555" y="658" width="170" height="110"/>
</OView>
<OView class="oracle.dbtools.crest.swingui.logical.TVEntity" oid="93D2F476-450A-85A2-7EBB-15FEF4D66D2A" otype="Entity" vid="687FDD90-AE72-8314-959F-DCF6585AAA4A">
<hideElementsInCurrentOnly>false</hideElementsInCurrentOnly>
<bounds x="293" y="580" width="169" height="68"/>
</OView>
<OView class="oracle.dbtools.crest.swingui.logical.TVEntity" oid="A2B95F07-60D9-F156-3738-EC8AC434E044" otype="Entity" vid="937B25FB-D422-882F-4A6B-BE056E5491A9">
<hideElementsInCurrentOnly>false</hideElementsInCurrentOnly>
<bounds x="274" y="139" width="176" height="118"/>
</OView>
<OView class="oracle.dbtools.crest.swingui.logical.TVEntity" oid="D617D4A8-8220-E2BA-1277-DF309D4979F4" otype="Entity" vid="81BC1DA7-F55A-AC28-2C9E-6C9F8FF5627F">
<hideElementsInCurrentOnly>false</hideElementsInCurrentOnly>
<bounds x="8" y="577" width="170" height="56"/>
</OView>
<OView class="oracle.dbtools.crest.swingui.TVLegend" oid="F54E1582-2DC9-1F95-B92A-30C8017F8B26" otype="Legend" vid="B2A27AB8-B95C-BE1B-5501-1799D698BBCB">
<hideElementsInCurrentOnly>false</hideElementsInCurrentOnly>
<bounds x="6" y="4" width="226" height="128"/>
</OView>
<OView class="oracle.dbtools.crest.swingui.logical.TVEntity" oid="F5C2EA70-B859-C3A7-C831-1F3A33C6BA36" otype="Entity" vid="E6FEF5A1-5F4F-8F22-CEB3-85EACF345CD4">
<hideElementsInCurrentOnly>false</hideElementsInCurrentOnly>
<bounds x="1031" y="354" width="179" height="125"/>
</OView>
<OView class="oracle.dbtools.crest.swingui.logical.TVEntity" oid="F617F60A-3DBD-2B31-807F-4F8C2EC1653F" otype="Entity" vid="4FC924F3-0E94-3E3B-46A8-B8EA17BAEC12">
<hideElementsInCurrentOnly>false</hideElementsInCurrentOnly>
<bounds x="562" y="167" width="170" height="103"/>
</OView>
</objectViews>
<connectors>
<Connector class="oracle.dbtools.crest.swingui.logical.TVRelation" oid="12114F59-4A9B-DE12-AFD4-60EA18400D52" otype="Relation" vid_source="093BEBDB-9166-ED04-31DF-8685F7DAAA0E" vid_target="687FDD90-AE72-8314-959F-DCF6585AAA4A">
<hideElementsInCurrentOnly>false</hideElementsInCurrentOnly>
<backgroundColor>-16777216</backgroundColor>
<lineWidth>1</lineWidth>
<sourceLabel class="oracle.dbtools.crest.model.design.Label">
<site>0</site>
<labelBounds x="372" y="519" width="66" height="30"/>
<noBackgroundColor>true</noBackgroundColor>
<noForegroundColor>true</noForegroundColor>
</sourceLabel>
<targetLabel class="oracle.dbtools.crest.model.design.Label">
<site>2</site>
<labelBounds x="371" y="544" width="18" height="30"/>
<noBackgroundColor>true</noBackgroundColor>
<noForegroundColor>true</noForegroundColor>
</targetLabel>
<points>
<point x="372" y="483"/>
<point x="371" y="580"/>
</points>
</Connector>
<Connector class="oracle.dbtools.crest.swingui.logical.TVRelation" oid="132CAF2A-39EB-06FA-53AD-ED8DE7F65ABD" otype="Relation" vid_source="093BEBDB-9166-ED04-31DF-8685F7DAAA0E" vid_target="937B25FB-D422-882F-4A6B-BE056E5491A9">
<hideElementsInCurrentOnly>false</hideElementsInCurrentOnly>
<backgroundColor>-16777216</backgroundColor>
<lineWidth>1</lineWidth>
<sourceLabel class="oracle.dbtools.crest.model.design.Label">
<site>0</site>
<labelBounds x="375" y="329" width="32" height="30"/>
<noBackgroundColor>true</noBackgroundColor>
<noForegroundColor>true</noForegroundColor>
</sourceLabel>
<targetLabel class="oracle.dbtools.crest.model.design.Label">
<site>2</site>
<labelBounds x="375" y="301" width="18" height="29"/>
<noBackgroundColor>true</noBackgroundColor>
<noForegroundColor>true</noForegroundColor>
</targetLabel>
<points>
<point x="375" y="365"/>
<point x="375" y="257"/>
</points>
</Connector>
<Connector class="oracle.dbtools.crest.swingui.logical.TVRelation" oid="18A342BE-106D-0DCD-A31D-65B11345B4A6" otype="Relation" vid_source="068A0102-EE4E-4FBB-AF90-D34DE4661B68" vid_target="84E67417-4C80-9A7F-1AC7-A8D19C3472B6">
<hideElementsInCurrentOnly>false</hideElementsInCurrentOnly>
<backgroundColor>-16777216</backgroundColor>
<lineWidth>1</lineWidth>
<sourceLabel class="oracle.dbtools.crest.model.design.Label">
<site>0</site>
<labelBounds x="832" y="597" width="52" height="30"/>
<noBackgroundColor>true</noBackgroundColor>
<noForegroundColor>true</noForegroundColor>
</sourceLabel>
<targetLabel class="oracle.dbtools.crest.model.design.Label">
<site>2</site>
<labelBounds x="832" y="629" width="18" height="30"/>
<noBackgroundColor>true</noBackgroundColor>
<noForegroundColor>true</noForegroundColor>
</targetLabel>
<points>
<point x="832" y="657"/>
<point x="832" y="577"/>
</points>
</Connector>
<Connector class="oracle.dbtools.crest.swingui.logical.TVRelation" oid="1B2D8F72-53A1-7CEF-76D8-A3958D094795" otype="Relation" vid_source="86B2198A-9F41-42A9-D5C4-295387A827E5" vid_target="687FDD90-AE72-8314-959F-DCF6585AAA4A">
<hideElementsInCurrentOnly>false</hideElementsInCurrentOnly>
<backgroundColor>-16777216</backgroundColor>
<lineWidth>1</lineWidth>
<sourceLabel class="oracle.dbtools.crest.model.design.Label">
<site>0</site>
<labelBounds x="392" y="695" width="66" height="30"/>
<noBackgroundColor>true</noBackgroundColor>
<noForegroundColor>true</noForegroundColor>
</sourceLabel>
<targetLabel class="oracle.dbtools.crest.model.design.Label">
<site>2</site>
<labelBounds x="392" y="692" width="18" height="30"/>
<noBackgroundColor>true</noBackgroundColor>
<noForegroundColor>true</noForegroundColor>
</targetLabel>
<points>
<point x="392" y="731"/>
<point x="392" y="648"/>
</points>
</Connector>
<Connector class="oracle.dbtools.crest.swingui.logical.TVRelation" oid="3A8671C3-7099-6CD1-442A-5643AC6FE216" otype="Relation" vid_source="84E67417-4C80-9A7F-1AC7-A8D19C3472B6" vid_target="E6FEF5A1-5F4F-8F22-CEB3-85EACF345CD4">
<hideElementsInCurrentOnly>false</hideElementsInCurrentOnly>
<backgroundColor>-16777216</backgroundColor>
<lineWidth>1</lineWidth>
<sourceLabel class="oracle.dbtools.crest.model.design.Label">
<site>0</site>
<labelBounds x="869" y="377" width="32" height="30"/>
<noBackgroundColor>true</noBackgroundColor>
<noForegroundColor>true</noForegroundColor>
</sourceLabel>
<targetLabel class="oracle.dbtools.crest.model.design.Label">
<site>2</site>
<labelBounds x="1007" y="410" width="18" height="30"/>
<noBackgroundColor>true</noBackgroundColor>
<noForegroundColor>true</noForegroundColor>
</targetLabel>
<points>
<point x="859" y="407"/>
<point x="1031" y="407"/>
</points>
</Connector>
<Connector class="oracle.dbtools.crest.swingui.logical.TVRelation" oid="4C115DC2-CA97-992C-BB76-FF1F7500CA0B" otype="Relation" vid_source="093BEBDB-9166-ED04-31DF-8685F7DAAA0E" vid_target="84E67417-4C80-9A7F-1AC7-A8D19C3472B6">
<hideElementsInCurrentOnly>false</hideElementsInCurrentOnly>
<backgroundColor>-16777216</backgroundColor>
<lineWidth>1</lineWidth>
<sourceLabel class="oracle.dbtools.crest.model.design.Label">
<site>0</site>
<labelBounds x="481" y="424" width="52" height="30"/>
<noBackgroundColor>true</noBackgroundColor>
<noForegroundColor>true</noForegroundColor>
</sourceLabel>
<targetLabel class="oracle.dbtools.crest.model.design.Label">
<site>2</site>
<labelBounds x="660" y="457" width="18" height="30"/>
<noBackgroundColor>true</noBackgroundColor>
<noForegroundColor>true</noForegroundColor>
</targetLabel>
<points>
<point x="471" y="454"/>
<point x="684" y="454"/>
</points>
</Connector>
<Connector class="oracle.dbtools.crest.swingui.logical.TVRelation" oid="6F9BA52E-05DC-1BDE-EB6B-C77CD94D5AAA" otype="Relation" vid_source="1D1D7293-6869-D9B9-A656-95D44E95618D" vid_target="068A0102-EE4E-4FBB-AF90-D34DE4661B68">
<hideElementsInCurrentOnly>false</hideElementsInCurrentOnly>
<backgroundColor>-16777216</backgroundColor>
<lineWidth>1</lineWidth>
<sourceLabel class="oracle.dbtools.crest.model.design.Label">
<site>0</site>
<labelBounds x="735" y="713" width="32" height="34"/>
<noBackgroundColor>true</noBackgroundColor>
<noForegroundColor>true</noForegroundColor>
</sourceLabel>
<targetLabel class="oracle.dbtools.crest.model.design.Label">
<site>2</site>
<labelBounds x="782" y="712" width="18" height="30"/>
<noBackgroundColor>true</noBackgroundColor>
<noForegroundColor>true</noForegroundColor>
</targetLabel>
<points>
<point x="725" y="713"/>
<point x="806" y="712"/>
</points>
</Connector>
<Connector class="oracle.dbtools.crest.swingui.logical.TVRelation" oid="759AD1A5-6F98-492B-72C5-04093ED616B2" otype="Relation" vid_source="937B25FB-D422-882F-4A6B-BE056E5491A9" vid_target="4FC924F3-0E94-3E3B-46A8-B8EA17BAEC12">
<hideElementsInCurrentOnly>false</hideElementsInCurrentOnly>
<backgroundColor>-16777216</backgroundColor>
<lineWidth>1</lineWidth>
<sourceLabel class="oracle.dbtools.crest.model.design.Label">
<site>0</site>
<labelBounds x="460" y="197" width="66" height="30"/>
<noBackgroundColor>true</noBackgroundColor>
<noForegroundColor>true</noForegroundColor>
</sourceLabel>
<targetLabel class="oracle.dbtools.crest.model.design.Label">
<site>2</site>
<labelBounds x="538" y="230" width="18" height="30"/>
<noBackgroundColor>true</noBackgroundColor>
<noForegroundColor>true</noForegroundColor>
</targetLabel>
<points>
<point x="450" y="227"/>
<point x="562" y="227"/>
</points>
</Connector>
<Connector class="oracle.dbtools.crest.swingui.logical.TVRelation" oid="7E516E49-ABA7-1A2E-4292-F978DB2963E6" otype="Relation" vid_source="068A0102-EE4E-4FBB-AF90-D34DE4661B68" vid_target="937B25FB-D422-882F-4A6B-BE056E5491A9">
<hideElementsInCurrentOnly>false</hideElementsInCurrentOnly>
<backgroundColor>-16777216</backgroundColor>
<lineWidth>1</lineWidth>
<points>
<point x="916" y="657"/>
<point x="916" y="322"/>
<point x="439" y="320"/>
<point x="439" y="257"/>
</points>
</Connector>
<Connector class="oracle.dbtools.crest.swingui.logical.TVRelation" oid="AF198AD5-050B-7051-01D3-D1E8874D220A" otype="Relation" vid_source="0368B072-1480-4F0B-A249-1EE06078030B" vid_target="AD1B7175-29B7-D30F-FAF2-2C706ACBF110">
<hideElementsInCurrentOnly>false</hideElementsInCurrentOnly>
<backgroundColor>-16777216</backgroundColor>
<lineWidth>1</lineWidth>
<sourceLabel class="oracle.dbtools.crest.model.design.Label">
<site>0</site>
<labelBounds x="94" y="329" width="66" height="30"/>
<noBackgroundColor>true</noBackgroundColor>
<noForegroundColor>true</noForegroundColor>
</sourceLabel>
<targetLabel class="oracle.dbtools.crest.model.design.Label">
<site>2</site>
<labelBounds x="94" y="330" width="18" height="30"/>
<noBackgroundColor>true</noBackgroundColor>
<noForegroundColor>true</noForegroundColor>
</targetLabel>
<points>
<point x="94" y="365"/>
<point x="94" y="294"/>
</points>
</Connector>
<Connector class="oracle.dbtools.crest.swingui.logical.TVRelation" oid="BF0151F4-0A01-C58F-1925-F7D21407629E" otype="Relation" vid_source="879B4F5F-4FC6-35C7-E7C9-AD127388FF70" vid_target="4FC924F3-0E94-3E3B-46A8-B8EA17BAEC12">
<hideElementsInCurrentOnly>false</hideElementsInCurrentOnly>
<backgroundColor>-16777216</backgroundColor>
<lineWidth>1</lineWidth>
<sourceLabel class="oracle.dbtools.crest.model.design.Label">
<site>0</site>
<labelBounds x="766" y="227" width="69" height="29"/>
<noBackgroundColor>true</noBackgroundColor>
<noForegroundColor>true</noForegroundColor>
</sourceLabel>
<targetLabel class="oracle.dbtools.crest.model.design.Label">
<site>2</site>
<labelBounds x="742" y="259" width="18" height="30"/>
<noBackgroundColor>true</noBackgroundColor>
<noForegroundColor>true</noForegroundColor>
</targetLabel>
<points>
<point x="841" y="256"/>
<point x="732" y="256"/>
</points>
</Connector>
<Connector class="oracle.dbtools.crest.swingui.logical.TVRelation" oid="C8345B83-3C88-5D68-6A69-930AFD0436A8" otype="Relation" vid_source="81BC1DA7-F55A-AC28-2C9E-6C9F8FF5627F" vid_target="093BEBDB-9166-ED04-31DF-8685F7DAAA0E">
<hideElementsInCurrentOnly>false</hideElementsInCurrentOnly>
<backgroundColor>-16777216</backgroundColor>
<lineWidth>1</lineWidth>
<sourceLabel class="oracle.dbtools.crest.model.design.Label">
<site>0</site>
<labelBounds x="127" y="541" width="32" height="30"/>
<noBackgroundColor>true</noBackgroundColor>
<noForegroundColor>true</noForegroundColor>
</sourceLabel>
<targetLabel class="oracle.dbtools.crest.model.design.Label">
<site>2</site>
<labelBounds x="277" y="458" width="18" height="30"/>
<noBackgroundColor>true</noBackgroundColor>
<noForegroundColor>true</noForegroundColor>
</targetLabel>
<points>
<point x="127" y="577"/>
<point x="127" y="455"/>
<point x="301" y="455"/>
</points>
</Connector>
<Connector class="oracle.dbtools.crest.swingui.logical.TVRelation" oid="D3659DC4-7D47-F7A1-9BF6-387127F1A167" otype="Relation" vid_source="937B25FB-D422-882F-4A6B-BE056E5491A9" vid_target="AD1B7175-29B7-D30F-FAF2-2C706ACBF110">
<hideElementsInCurrentOnly>false</hideElementsInCurrentOnly>
<backgroundColor>-16777216</backgroundColor>
<lineWidth>1</lineWidth>
<sourceLabel class="oracle.dbtools.crest.model.design.Label">
<site>0</site>
<labelBounds x="202" y="216" width="66" height="30"/>
<noBackgroundColor>true</noBackgroundColor>
<noForegroundColor>true</noForegroundColor>
</sourceLabel>
<targetLabel class="oracle.dbtools.crest.model.design.Label">
<site>2</site>
<labelBounds x="192" y="249" width="18" height="30"/>
<noBackgroundColor>true</noBackgroundColor>
<noForegroundColor>true</noForegroundColor>
</targetLabel>
<points>
<point x="274" y="246"/>
<point x="182" y="246"/>
</points>
</Connector>
<Connector class="oracle.dbtools.crest.swingui.logical.TVRelation" oid="DC8BF4C2-7FFD-B85E-F62E-A56A417B83C6" otype="Relation" vid_source="879B4F5F-4FC6-35C7-E7C9-AD127388FF70" vid_target="E6FEF5A1-5F4F-8F22-CEB3-85EACF345CD4">
<hideElementsInCurrentOnly>false</hideElementsInCurrentOnly>
<backgroundColor>-16777216</backgroundColor>
<lineWidth>1</lineWidth>
<sourceLabel class="oracle.dbtools.crest.model.design.Label">
<site>0</site>
<labelBounds x="1022" y="218" width="66" height="30"/>
<noBackgroundColor>true</noBackgroundColor>
<noForegroundColor>true</noForegroundColor>
</sourceLabel>
<targetLabel class="oracle.dbtools.crest.model.design.Label">
<site>2</site>
<labelBounds x="1063" y="318" width="18" height="30"/>
<noBackgroundColor>true</noBackgroundColor>
<noForegroundColor>true</noForegroundColor>
</targetLabel>
<points>
<point x="1012" y="248"/>
<point x="1063" y="248"/>
<point x="1063" y="354"/>
</points>
</Connector>
<Connector class="oracle.dbtools.crest.swingui.logical.TVRelation" oid="EAB139F9-A531-1D9F-1370-05A24C435E2E" otype="Relation" vid_source="1D1D7293-6869-D9B9-A656-95D44E95618D" vid_target="84E67417-4C80-9A7F-1AC7-A8D19C3472B6">
<hideElementsInCurrentOnly>false</hideElementsInCurrentOnly>
<backgroundColor>-16777216</backgroundColor>
<lineWidth>1</lineWidth>
<sourceLabel class="oracle.dbtools.crest.model.design.Label">
<site>0</site>
<labelBounds x="704" y="622" width="32" height="30"/>
<noBackgroundColor>true</noBackgroundColor>
<noForegroundColor>true</noForegroundColor>
</sourceLabel>
<targetLabel class="oracle.dbtools.crest.model.design.Label">
<site>2</site>
<labelBounds x="704" y="613" width="18" height="30"/>
<noBackgroundColor>true</noBackgroundColor>
<noForegroundColor>true</noForegroundColor>
</targetLabel>
<points>
<point x="704" y="658"/>
<point x="704" y="577"/>
</points>
</Connector>
<Connector class="oracle.dbtools.crest.swingui.logical.TVRelation" oid="EF76F857-D52E-86CD-566C-FF5250B02F8B" otype="Relation" vid_source="F1F15EF2-F976-3B0E-3797-A5065ADDF407" vid_target="068A0102-EE4E-4FBB-AF90-D34DE4661B68">
<hideElementsInCurrentOnly>false</hideElementsInCurrentOnly>
<backgroundColor>-16777216</backgroundColor>
<lineWidth>1</lineWidth>
<sourceLabel class="oracle.dbtools.crest.model.design.Label">
<site>0</site>
<labelBounds x="1021" y="684" width="32" height="30"/>
<noBackgroundColor>true</noBackgroundColor>
<noForegroundColor>true</noForegroundColor>
</sourceLabel>
<targetLabel class="oracle.dbtools.crest.model.design.Label">
<site>2</site>
<labelBounds x="987" y="717" width="18" height="30"/>
<noBackgroundColor>true</noBackgroundColor>
<noForegroundColor>true</noForegroundColor>
</targetLabel>
<points>
<point x="1059" y="714"/>
<point x="977" y="714"/>
</points>
</Connector>
</connectors>
</Diagram>
