<?xml version = '1.0' encoding = 'UTF-8'?>
<Diagram class="oracle.dbtools.crest.swingui.relational.DPVRelational" name="Relational_1" id="A61BEB6B-7172-6684-BC77-0AEE039DE09F">
<createdBy>nadeem</createdBy>
<modifiedBy>nadeem</modifiedBy>
<createdTime>2021-04-28 06:31:22 UTC</createdTime>
<autoRoute>false</autoRoute>
<boxInbox>true</boxInbox>
<showLegend>false</showLegend>
<showLabels>false</showLabels>
<showRelAttributes>false</showRelAttributes>
<gridEnabled>false</gridEnabled>
<showGrid>false</showGrid>
<diagramColor>-1</diagramColor>
<display>false</display>
<notation>1</notation>
<objectViews>
<OView class="oracle.dbtools.crest.swingui.relational.TVTable" oid="14B54AC4-18A6-0C60-3799-F941F1BDA92D" otype="Table" vid="1C783F74-80D9-34C4-7DE8-B559D42AB1A9">
<hideElementsInCurrentOnly>false</hideElementsInCurrentOnly>
<bounds x="806" y="657" width="171" height="116"/>
</OView>
<OView class="oracle.dbtools.crest.swingui.relational.TVTable" oid="18B74441-E4B5-10A6-ED6B-472D13FC0E9C" otype="Table" vid="8A64B496-E1CF-7C40-95A4-FBF74011DE73">
<hideElementsInCurrentOnly>false</hideElementsInCurrentOnly>
<bounds x="684" y="395" width="175" height="182"/>
</OView>
<OView class="oracle.dbtools.crest.swingui.relational.TVTable" oid="2799AEE6-C38A-DC90-7B13-BB165ABA6FFE" otype="Table" vid="585CB161-7BCA-4397-7872-597C504558B7">
<hideElementsInCurrentOnly>false</hideElementsInCurrentOnly>
<bounds x="293" y="580" width="169" height="68"/>
</OView>
<OView class="oracle.dbtools.crest.swingui.relational.TVTable" oid="487801D8-1C11-5233-02D2-FE30424BE8C2" otype="Table" vid="15BD2E5B-D7B3-174E-8FCA-6B9997BF51E2">
<hideElementsInCurrentOnly>false</hideElementsInCurrentOnly>
<bounds x="8" y="577" width="170" height="56"/>
</OView>
<OView class="oracle.dbtools.crest.swingui.relational.TVTable" oid="572F7CD6-DD11-DE95-8205-A5FA00EAB73D" otype="Table" vid="E966FFC8-33D6-733D-3F90-F2560E939032">
<hideElementsInCurrentOnly>false</hideElementsInCurrentOnly>
<bounds x="5" y="365" width="172" height="70"/>
</OView>
<OView class="oracle.dbtools.crest.swingui.relational.TVTable" oid="5A2A0617-6D85-7458-6B8E-ACD5ACA79678" otype="Table" vid="5466AA60-DC25-9D94-5ACD-4F54BF464AD3">
<hideElementsInCurrentOnly>false</hideElementsInCurrentOnly>
<bounds x="301" y="365" width="170" height="118"/>
</OView>
<OView class="oracle.dbtools.crest.swingui.relational.TVTable" oid="88C8D516-5702-FAE6-8158-D23CEC2698D8" otype="Table" vid="6F71AAA6-D06E-46D2-26BD-C5E014CE9580">
<hideElementsInCurrentOnly>false</hideElementsInCurrentOnly>
<bounds x="555" y="658" width="170" height="110"/>
</OView>
<OView class="oracle.dbtools.crest.swingui.relational.TVTable" oid="A38C2D8B-1D01-31D5-DEF2-7B5D54913E75" otype="Table" vid="8E120F60-C1AC-0A36-7D28-B0EDFF6C67B7">
<hideElementsInCurrentOnly>false</hideElementsInCurrentOnly>
<bounds x="562" y="167" width="170" height="103"/>
</OView>
<OView class="oracle.dbtools.crest.swingui.relational.TVTable" oid="A9612A7D-D376-0A50-7BD4-CA9A14013D80" otype="Table" vid="9C3E0C7C-BC16-3960-FD59-471500AD4B3E">
<hideElementsInCurrentOnly>false</hideElementsInCurrentOnly>
<bounds x="292" y="731" width="172" height="136"/>
</OView>
<OView class="oracle.dbtools.crest.swingui.relational.TVTable" oid="B28F8EB6-E2EA-636A-E954-3BB8D1EBAFD0" otype="Table" vid="22E01745-C3A0-002F-2EAA-6C8F761940E4">
<hideElementsInCurrentOnly>false</hideElementsInCurrentOnly>
<bounds x="230" y="410" width="170" height="110"/>
</OView>
<OView class="oracle.dbtools.crest.swingui.relational.TVTable" oid="B62E304E-3685-A599-CD34-88DAAA97DB4F" otype="Table" vid="CCA5D657-6635-B83C-CE06-76AC9BAED685">
<hideElementsInCurrentOnly>false</hideElementsInCurrentOnly>
<bounds x="841" y="212" width="171" height="82"/>
</OView>
<OView class="oracle.dbtools.crest.swingui.relational.TVTable" oid="B7B46739-9C85-51BE-AD57-35DFEFE6A18A" otype="Table" vid="B6AA1502-0B77-3C28-B67C-15E1EF83589D">
<hideElementsInCurrentOnly>false</hideElementsInCurrentOnly>
<bounds x="274" y="139" width="176" height="118"/>
</OView>
<OView class="oracle.dbtools.crest.swingui.relational.TVTable" oid="C3791E0E-C301-01F7-E5B2-E0042171A52C" otype="Table" vid="DA304D9B-E4E2-EDD7-011B-0394F47D0D70">
<hideElementsInCurrentOnly>false</hideElementsInCurrentOnly>
<bounds x="11" y="205" width="171" height="89"/>
</OView>
<OView class="oracle.dbtools.crest.swingui.relational.TVTable" oid="D2458353-1FBD-0D60-DD3D-4D361A1CC0C6" otype="Table" vid="C72AE3C4-CCE3-8756-913D-BDC173288CE1">
<hideElementsInCurrentOnly>false</hideElementsInCurrentOnly>
<bounds x="1059" y="659" width="170" height="110"/>
</OView>
<OView class="oracle.dbtools.crest.swingui.relational.TVTable" oid="D6E594D9-360F-59BD-8806-38E6999E3598" otype="Table" vid="39671AFB-3C88-3658-7169-29023C861C94">
<hideElementsInCurrentOnly>false</hideElementsInCurrentOnly>
<bounds x="1031" y="354" width="179" height="125"/>
</OView>
</objectViews>
<connectors>
<Connector class="oracle.dbtools.crest.swingui.relational.TVFKRelation" oid="10117DF6-6737-EDD5-08AE-391B5C0A562C" otype="FKIndexAssociation" vid_source="15BD2E5B-D7B3-174E-8FCA-6B9997BF51E2" vid_target="5466AA60-DC25-9D94-5ACD-4F54BF464AD3">
<hideElementsInCurrentOnly>false</hideElementsInCurrentOnly>
<backgroundColor>-16777216</backgroundColor>
<lineWidth>1</lineWidth>
<points>
<point x="127" y="577"/>
<point x="127" y="455"/>
<point x="301" y="455"/>
</points>
</Connector>
<Connector class="oracle.dbtools.crest.swingui.relational.TVFKRelation" oid="190E0512-1794-4B3C-CC96-7DEF1687CF80" otype="FKIndexAssociation" vid_source="C72AE3C4-CCE3-8756-913D-BDC173288CE1" vid_target="1C783F74-80D9-34C4-7DE8-B559D42AB1A9">
<hideElementsInCurrentOnly>false</hideElementsInCurrentOnly>
<backgroundColor>-16777216</backgroundColor>
<lineWidth>1</lineWidth>
<points>
<point x="1059" y="714"/>
<point x="977" y="714"/>
</points>
</Connector>
<Connector class="oracle.dbtools.crest.swingui.relational.TVFKRelation" oid="210D3343-EAFA-28FA-276F-F2D18EB31B41" otype="FKIndexAssociation" vid_source="5466AA60-DC25-9D94-5ACD-4F54BF464AD3" vid_target="8A64B496-E1CF-7C40-95A4-FBF74011DE73">
<hideElementsInCurrentOnly>false</hideElementsInCurrentOnly>
<backgroundColor>-16777216</backgroundColor>
<lineWidth>1</lineWidth>
<points>
<point x="471" y="454"/>
<point x="684" y="454"/>
</points>
</Connector>
<Connector class="oracle.dbtools.crest.swingui.relational.TVFKRelation" oid="3EA3C0EF-9E0A-0B73-50E1-73AD6054BEF3" otype="FKIndexAssociation" vid_source="B6AA1502-0B77-3C28-B67C-15E1EF83589D" vid_target="DA304D9B-E4E2-EDD7-011B-0394F47D0D70">
<hideElementsInCurrentOnly>false</hideElementsInCurrentOnly>
<backgroundColor>-16777216</backgroundColor>
<lineWidth>1</lineWidth>
<points>
<point x="274" y="246"/>
<point x="182" y="246"/>
</points>
</Connector>
<Connector class="oracle.dbtools.crest.swingui.relational.TVFKRelation" oid="4DB29A95-1306-2C85-D4CE-065CE3EA5983" otype="FKIndexAssociation" vid_source="8A64B496-E1CF-7C40-95A4-FBF74011DE73" vid_target="39671AFB-3C88-3658-7169-29023C861C94">
<hideElementsInCurrentOnly>false</hideElementsInCurrentOnly>
<backgroundColor>-16777216</backgroundColor>
<lineWidth>1</lineWidth>
<points>
<point x="859" y="407"/>
<point x="1031" y="407"/>
</points>
</Connector>
<Connector class="oracle.dbtools.crest.swingui.relational.TVFKRelation" oid="55C53F32-74B3-8FA6-E7EE-BCEEC542663D" otype="FKIndexAssociation" vid_source="6F71AAA6-D06E-46D2-26BD-C5E014CE9580" vid_target="22E01745-C3A0-002F-2EAA-6C8F761940E4">
<hideElementsInCurrentOnly>false</hideElementsInCurrentOnly>
<backgroundColor>-16777216</backgroundColor>
<lineWidth>1</lineWidth>
<points>
<point x="567" y="658"/>
<point x="387" y="520"/>
</points>
</Connector>
<Connector class="oracle.dbtools.crest.swingui.relational.TVFKRelation" oid="5DF3C2BC-EE3E-4923-F535-DB6492C9BEE9" otype="FKIndexAssociation" vid_source="CCA5D657-6635-B83C-CE06-76AC9BAED685" vid_target="8E120F60-C1AC-0A36-7D28-B0EDFF6C67B7">
<hideElementsInCurrentOnly>false</hideElementsInCurrentOnly>
<backgroundColor>-16777216</backgroundColor>
<lineWidth>1</lineWidth>
<points>
<point x="841" y="256"/>
<point x="732" y="256"/>
</points>
</Connector>
<Connector class="oracle.dbtools.crest.swingui.relational.TVFKRelation" oid="627B6CE7-D743-C937-3449-CE6E9AF7AC8E" otype="FKIndexAssociation" vid_source="E966FFC8-33D6-733D-3F90-F2560E939032" vid_target="DA304D9B-E4E2-EDD7-011B-0394F47D0D70">
<hideElementsInCurrentOnly>false</hideElementsInCurrentOnly>
<backgroundColor>-16777216</backgroundColor>
<lineWidth>1</lineWidth>
<points>
<point x="94" y="365"/>
<point x="94" y="294"/>
</points>
</Connector>
<Connector class="oracle.dbtools.crest.swingui.relational.TVFKRelation" oid="71AA918C-38BF-4757-F914-07AA907A546D" otype="FKIndexAssociation" vid_source="B6AA1502-0B77-3C28-B67C-15E1EF83589D" vid_target="8E120F60-C1AC-0A36-7D28-B0EDFF6C67B7">
<hideElementsInCurrentOnly>false</hideElementsInCurrentOnly>
<backgroundColor>-16777216</backgroundColor>
<lineWidth>1</lineWidth>
<points>
<point x="450" y="227"/>
<point x="562" y="227"/>
</points>
</Connector>
<Connector class="oracle.dbtools.crest.swingui.relational.TVFKRelation" oid="8504AE52-DB99-0E18-C7F4-3DBC9DC83BDB" otype="FKIndexAssociation" vid_source="5466AA60-DC25-9D94-5ACD-4F54BF464AD3" vid_target="B6AA1502-0B77-3C28-B67C-15E1EF83589D">
<hideElementsInCurrentOnly>false</hideElementsInCurrentOnly>
<backgroundColor>-16777216</backgroundColor>
<lineWidth>1</lineWidth>
<points>
<point x="375" y="365"/>
<point x="375" y="257"/>
</points>
</Connector>
<Connector class="oracle.dbtools.crest.swingui.relational.TVFKRelation" oid="9A1800CC-C41B-16A7-33BC-4FD470D601F8" otype="FKIndexAssociation" vid_source="1C783F74-80D9-34C4-7DE8-B559D42AB1A9" vid_target="8A64B496-E1CF-7C40-95A4-FBF74011DE73">
<hideElementsInCurrentOnly>false</hideElementsInCurrentOnly>
<backgroundColor>-16777216</backgroundColor>
<lineWidth>1</lineWidth>
<points>
<point x="832" y="657"/>
<point x="832" y="577"/>
</points>
</Connector>
<Connector class="oracle.dbtools.crest.swingui.relational.TVFKRelation" oid="A1F8F24C-44A2-6FEF-4A8A-AED85E425DC0" otype="FKIndexAssociation" vid_source="9C3E0C7C-BC16-3960-FD59-471500AD4B3E" vid_target="585CB161-7BCA-4397-7872-597C504558B7">
<hideElementsInCurrentOnly>false</hideElementsInCurrentOnly>
<backgroundColor>-16777216</backgroundColor>
<lineWidth>1</lineWidth>
<points>
<point x="392" y="731"/>
<point x="392" y="648"/>
</points>
</Connector>
<Connector class="oracle.dbtools.crest.swingui.relational.TVFKRelation" oid="A99D3363-AD3F-764B-28B1-D14E3D1125CE" otype="FKIndexAssociation" vid_source="6F71AAA6-D06E-46D2-26BD-C5E014CE9580" vid_target="8A64B496-E1CF-7C40-95A4-FBF74011DE73">
<hideElementsInCurrentOnly>false</hideElementsInCurrentOnly>
<backgroundColor>-16777216</backgroundColor>
<lineWidth>1</lineWidth>
<points>
<point x="704" y="658"/>
<point x="704" y="577"/>
</points>
</Connector>
<Connector class="oracle.dbtools.crest.swingui.relational.TVFKRelation" oid="AFFCA2D4-C9B9-7656-133E-654F3D697814" otype="FKIndexAssociation" vid_source="5466AA60-DC25-9D94-5ACD-4F54BF464AD3" vid_target="585CB161-7BCA-4397-7872-597C504558B7">
<hideElementsInCurrentOnly>false</hideElementsInCurrentOnly>
<backgroundColor>-16777216</backgroundColor>
<lineWidth>1</lineWidth>
<points>
<point x="372" y="483"/>
<point x="371" y="580"/>
</points>
</Connector>
<Connector class="oracle.dbtools.crest.swingui.relational.TVFKRelation" oid="B209F11F-D3A3-93D7-142D-BEF6CA5931EB" otype="FKIndexAssociation" vid_source="1C783F74-80D9-34C4-7DE8-B559D42AB1A9" vid_target="22E01745-C3A0-002F-2EAA-6C8F761940E4">
<hideElementsInCurrentOnly>false</hideElementsInCurrentOnly>
<backgroundColor>-16777216</backgroundColor>
<lineWidth>1</lineWidth>
<points>
<point x="806" y="677"/>
<point x="400" y="501"/>
</points>
</Connector>
<Connector class="oracle.dbtools.crest.swingui.relational.TVFKRelation" oid="D9487BAF-1CCB-C516-68DD-31C2F7EEB142" otype="FKIndexAssociation" vid_source="1C783F74-80D9-34C4-7DE8-B559D42AB1A9" vid_target="B6AA1502-0B77-3C28-B67C-15E1EF83589D">
<hideElementsInCurrentOnly>false</hideElementsInCurrentOnly>
<backgroundColor>-16777216</backgroundColor>
<lineWidth>1</lineWidth>
<points>
<point x="916" y="657"/>
<point x="916" y="322"/>
<point x="439" y="320"/>
<point x="439" y="257"/>
</points>
</Connector>
<Connector class="oracle.dbtools.crest.swingui.relational.TVFKRelation" oid="E64CED38-F0F7-0D12-9B57-9D51A2A598CE" otype="FKIndexAssociation" vid_source="CCA5D657-6635-B83C-CE06-76AC9BAED685" vid_target="39671AFB-3C88-3658-7169-29023C861C94">
<hideElementsInCurrentOnly>false</hideElementsInCurrentOnly>
<backgroundColor>-16777216</backgroundColor>
<lineWidth>1</lineWidth>
<points>
<point x="1012" y="248"/>
<point x="1063" y="248"/>
<point x="1063" y="354"/>
</points>
</Connector>
</connectors>
</Diagram>
