<?xml version = '1.0' encoding = 'UTF-8'?>
<Table class="oracle.dbtools.crest.model.design.relational.Table" directorySegmentName="seg_0" id="00D5E3FD-5056-4D82-3541-94291AFDAEC9" name="ANIMAL_TYPE">
<createdBy>nadeem</createdBy>
<createdTime>2021-04-28 06:58:00 UTC</createdTime>
<generatorID>D617D4A8-8220-E2BA-1277-DF309D4979F4</generatorID>
<ownerDesignName>ad_oraclemodel</ownerDesignName>
<allowColumnReorder>false</allowColumnReorder>
<existDependencyGenerateInDDl>true</existDependencyGenerateInDDl>
<parsed>true</parsed>
<columns itemClass="oracle.dbtools.crest.model.design.relational.Column">
<Column name="animal_type_id" id="0EAA8F0D-5F9D-994D-A1E0-2314DC022E4B">
<createdBy>nadeem</createdBy>
<createdTime>2021-04-28 06:58:00 UTC</createdTime>
<commentInRDBMS><![CDATA[animal type id]]></commentInRDBMS>
<generatorID>4EA56594-A2DF-B382-4C35-382D21716F0A</generatorID>
<ownerDesignName>ad_oraclemodel</ownerDesignName>
<useDomainConstraints>false</useDomainConstraints>
<use>1</use>
<logicalDatatype>LOGDT019</logicalDatatype>
<dataTypePrecision>7</dataTypePrecision>
<ownDataTypeParameters>,7,</ownDataTypeParameters>
<autoIncrementCycle>false</autoIncrementCycle>
</Column>
<Column name="animal_type_name" id="588D648D-8CFE-6A5D-FDF0-A4746743E58B">
<createdBy>nadeem</createdBy>
<createdTime>2021-04-28 06:58:00 UTC</createdTime>
<commentInRDBMS><![CDATA[animal type name]]></commentInRDBMS>
<generatorID>8F6C1C59-1F91-0FE7-38F6-E133CA439C0B</generatorID>
<ownerDesignName>ad_oraclemodel</ownerDesignName>
<useDomainConstraints>false</useDomainConstraints>
<use>1</use>
<logicalDatatype>LOGDT024</logicalDatatype>
<dataTypeSize>50</dataTypeSize>
<ownDataTypeParameters>50,,</ownDataTypeParameters>
<autoIncrementCycle>false</autoIncrementCycle>
</Column>
</columns>
<indexes itemClass="oracle.dbtools.crest.model.design.relational.Index">
<ind_PK_UK id="10AFD88C-4A9D-7A21-62A9-74EFDE4B80A6" name="ANIMAL_TYPE_PK">
<createdBy>nadeem</createdBy>
<createdTime>2021-04-28 06:58:00 UTC</createdTime>
<generatorID>D8A6B4C9-AE24-5CE0-705E-B06185487089</generatorID>
<ownerDesignName>ad_oraclemodel</ownerDesignName>
<pk>true</pk>
<indexState>Primary Constraint</indexState>
<isSurrogateKey>false</isSurrogateKey>
<indexColumnUsage>
<colUsage columnID="0EAA8F0D-5F9D-994D-A1E0-2314DC022E4B"/>
</indexColumnUsage>
</ind_PK_UK>
<ind_PK_UK id="28D643DF-281B-35C7-A30B-2AFF5233DD19" name="UN_ANIMAL_TYPE_NAME">
<createdBy>nadeem</createdBy>
<createdTime>2021-04-28 06:58:00 UTC</createdTime>
<generatorID>3631DD79-72BA-AB0F-D5C0-0FE33384A58F</generatorID>
<ownerDesignName>ad_oraclemodel</ownerDesignName>
<indexState>Unique Constraint</indexState>
<isSurrogateKey>false</isSurrogateKey>
<indexColumnUsage>
<colUsage columnID="588D648D-8CFE-6A5D-FDF0-A4746743E58B"/>
</indexColumnUsage>
</ind_PK_UK>
</indexes>
</Table>
