<?xml version = '1.0' encoding = 'UTF-8'?>
<Table class="oracle.dbtools.crest.model.design.relational.Table" directorySegmentName="seg_0" id="2FA692EC-12EB-BFC7-9A07-B64013C5C2D0" name="CLINIC_VET">
<createdBy>nadeem</createdBy>
<createdTime>2021-04-28 06:58:00 UTC</createdTime>
<ownerDesignName>ad_oraclemodel</ownerDesignName>
<allowColumnReorder>false</allowColumnReorder>
<existDependencyGenerateInDDl>true</existDependencyGenerateInDDl>
<parsed>true</parsed>
<columns itemClass="oracle.dbtools.crest.model.design.relational.Column">
<Column name="clinic_id" id="5223C280-7459-9F9D-C11F-94A9F5EDEF20">
<createdBy>nadeem</createdBy>
<createdTime>2021-04-28 06:58:00 UTC</createdTime>
<ownerDesignName>ad_oraclemodel</ownerDesignName>
<useDomainConstraints>false</useDomainConstraints>
<use>1</use>
<logicalDatatype>LOGDT019</logicalDatatype>
<dataTypePrecision>7</dataTypePrecision>
<ownDataTypeParameters>,,</ownDataTypeParameters>
<previousColumn>false</previousColumn>
<autoIncrementCycle>false</autoIncrementCycle>
<associations>
<colAssociation fkAssociation="74C606ED-DE55-AD48-88FE-7FF51F23ABB0" referredColumn="4109039D-1585-FC34-0736-0A4AE000BFDF"/>
</associations>
</Column>
<Column name="vet_id" id="B3F1F502-6178-0A28-8843-C8C0482F0841">
<createdBy>nadeem</createdBy>
<createdTime>2021-04-28 06:58:00 UTC</createdTime>
<ownerDesignName>ad_oraclemodel</ownerDesignName>
<useDomainConstraints>false</useDomainConstraints>
<use>1</use>
<logicalDatatype>LOGDT019</logicalDatatype>
<dataTypePrecision>7</dataTypePrecision>
<ownDataTypeParameters>,,</ownDataTypeParameters>
<previousColumn>false</previousColumn>
<autoIncrementCycle>false</autoIncrementCycle>
<associations>
<colAssociation fkAssociation="307108FE-6086-C935-0D43-9E94FCC46BC2" referredColumn="A8F716E8-0CDF-6FE1-41F4-377EEAA90A14"/>
</associations>
</Column>
</columns>
<indexes itemClass="oracle.dbtools.crest.model.design.relational.Index">
<ind_PK_UK id="35279904-0CE1-1EEE-2E3D-21429D039F6F" name="CLINIC_VET_PK">
<createdBy>nadeem</createdBy>
<createdTime>2021-04-28 06:58:00 UTC</createdTime>
<ownerDesignName>ad_oraclemodel</ownerDesignName>
<pk>true</pk>
<indexState>Primary Constraint</indexState>
<isSurrogateKey>false</isSurrogateKey>
<indexColumnUsage>
<colUsage columnID="5223C280-7459-9F9D-C11F-94A9F5EDEF20"/>
<colUsage columnID="B3F1F502-6178-0A28-8843-C8C0482F0841"/>
</indexColumnUsage>
</ind_PK_UK>
<ind_PK_UK id="1DB8A1FA-6B37-C2D0-87DD-A181F2BA4831" name="CLINIC_VET_CLINIC_FK">
<createdBy>nadeem</createdBy>
<createdTime>2021-04-28 06:58:00 UTC</createdTime>
<generatorID>6F9BA52E-05DC-1BDE-EB6B-C77CD94D5AAA</generatorID>
<ownerDesignName>ad_oraclemodel</ownerDesignName>
<indexState>Foreign Key</indexState>
<isSurrogateKey>false</isSurrogateKey>
<indexColumnUsage>
<colUsage columnID="5223C280-7459-9F9D-C11F-94A9F5EDEF20"/>
</indexColumnUsage>
</ind_PK_UK>
<ind_PK_UK id="54D97593-D6FC-43B8-FB00-BB2723EC7D64" name="CLINIC_VET_VET_FK">
<createdBy>nadeem</createdBy>
<createdTime>2021-04-28 06:58:00 UTC</createdTime>
<generatorID>6F9BA52E-05DC-1BDE-EB6B-C77CD94D5AAA</generatorID>
<ownerDesignName>ad_oraclemodel</ownerDesignName>
<indexState>Foreign Key</indexState>
<isSurrogateKey>false</isSurrogateKey>
<indexColumnUsage>
<colUsage columnID="B3F1F502-6178-0A28-8843-C8C0482F0841"/>
</indexColumnUsage>
</ind_PK_UK>
</indexes>
</Table>
