<?xml version = '1.0' encoding = 'UTF-8'?>
<Table class="oracle.dbtools.crest.model.design.relational.Table" directorySegmentName="seg_0" id="4E3401CB-1BE5-395B-3E46-3F3BF2CB3710" name="DRUG_REC">
<createdBy>nadeem</createdBy>
<createdTime>2021-04-28 06:58:00 UTC</createdTime>
<generatorID>F617F60A-3DBD-2B31-807F-4F8C2EC1653F</generatorID>
<ownerDesignName>ad_oraclemodel</ownerDesignName>
<allowColumnReorder>false</allowColumnReorder>
<existDependencyGenerateInDDl>true</existDependencyGenerateInDDl>
<parsed>true</parsed>
<columns itemClass="oracle.dbtools.crest.model.design.relational.Column">
<Column name="animal_id" id="467126CB-E145-1BDA-EF64-A2C29C52ECEC">
<createdBy>nadeem</createdBy>
<createdTime>2021-04-28 06:58:00 UTC</createdTime>
<commentInRDBMS><![CDATA[animal id]]></commentInRDBMS>
<generatorID>686918C0-ED31-30B0-7464-D0E4F8E52780</generatorID>
<ownerDesignName>ad_oraclemodel</ownerDesignName>
<useDomainConstraints>false</useDomainConstraints>
<use>1</use>
<logicalDatatype>LOGDT019</logicalDatatype>
<dataTypePrecision>7</dataTypePrecision>
<ownDataTypeParameters>,,</ownDataTypeParameters>
<previousColumn>false</previousColumn>
<autoIncrementCycle>false</autoIncrementCycle>
<associations>
<colAssociation fkAssociation="26FE7BFE-E965-38C0-7049-81AA56305E47" referredColumn="CB2347E7-7100-9E9F-9F2F-C9273784C9C5"/>
</associations>
</Column>
<Column name="invoice_date" id="EB426556-F315-0D62-755A-FE2C25A8A0F2">
<createdBy>nadeem</createdBy>
<createdTime>2021-04-28 06:58:00 UTC</createdTime>
<commentInRDBMS><![CDATA[invoice date]]></commentInRDBMS>
<generatorID>62C466CC-2059-DB0E-C7CF-D6E9A2312736</generatorID>
<ownerDesignName>ad_oraclemodel</ownerDesignName>
<useDomainConstraints>false</useDomainConstraints>
<use>1</use>
<logicalDatatype>LOGDT007</logicalDatatype>
<ownDataTypeParameters>,,</ownDataTypeParameters>
<previousColumn>false</previousColumn>
<autoIncrementCycle>false</autoIncrementCycle>
<associations>
<colAssociation fkAssociation="26FE7BFE-E965-38C0-7049-81AA56305E47" referredColumn="0F512ADC-FA97-EA96-CE37-81D8E51DC9F5"/>
</associations>
</Column>
<Column name="drug_id" id="6C0C4F3A-D988-CDFC-A5C9-3DA06A9DD484">
<createdBy>nadeem</createdBy>
<createdTime>2021-04-28 06:58:00 UTC</createdTime>
<commentInRDBMS><![CDATA[drug id]]></commentInRDBMS>
<generatorID>1F76EEDF-9DE3-5D27-185C-01899A486B45</generatorID>
<ownerDesignName>ad_oraclemodel</ownerDesignName>
<useDomainConstraints>false</useDomainConstraints>
<use>1</use>
<logicalDatatype>LOGDT019</logicalDatatype>
<dataTypePrecision>7</dataTypePrecision>
<ownDataTypeParameters>,,</ownDataTypeParameters>
<previousColumn>false</previousColumn>
<autoIncrementCycle>false</autoIncrementCycle>
<associations>
<colAssociation fkAssociation="AEAFFAFE-1F32-CE7D-279C-35E0EB84C295" referredColumn="167FF55E-C72F-7750-94AE-55C66CE5E793"/>
</associations>
</Column>
<Column name="drug_req_qty_supplied" id="725C4B31-4B10-0004-F7F4-842D3D788906">
<createdBy>nadeem</createdBy>
<createdTime>2021-04-28 06:58:00 UTC</createdTime>
<commentInRDBMS><![CDATA[drug quantity supplied]]></commentInRDBMS>
<generatorID>2733A4BB-8F26-A8F1-B09B-74FE8A5E5F3C</generatorID>
<ownerDesignName>ad_oraclemodel</ownerDesignName>
<useDomainConstraints>false</useDomainConstraints>
<use>1</use>
<logicalDatatype>LOGDT019</logicalDatatype>
<dataTypePrecision>7</dataTypePrecision>
<ownDataTypeParameters>,7,</ownDataTypeParameters>
<autoIncrementCycle>false</autoIncrementCycle>
</Column>
</columns>
<indexes itemClass="oracle.dbtools.crest.model.design.relational.Index">
<ind_PK_UK id="60E23C90-3609-6578-64F5-ED4120EECE80" name="DRUG_REC_PK">
<createdBy>nadeem</createdBy>
<createdTime>2021-04-28 06:58:00 UTC</createdTime>
<generatorID>5322CDBD-A378-4A60-1669-F5E23315D41B</generatorID>
<ownerDesignName>ad_oraclemodel</ownerDesignName>
<pk>true</pk>
<indexState>Primary Constraint</indexState>
<isSurrogateKey>false</isSurrogateKey>
<indexColumnUsage>
<colUsage columnID="467126CB-E145-1BDA-EF64-A2C29C52ECEC"/>
<colUsage columnID="EB426556-F315-0D62-755A-FE2C25A8A0F2"/>
<colUsage columnID="6C0C4F3A-D988-CDFC-A5C9-3DA06A9DD484"/>
</indexColumnUsage>
</ind_PK_UK>
<ind_PK_UK id="53AD22B4-DB5B-B2D1-D499-D9B149194EFE" name="DRUG_DRUGREC">
<createdBy>nadeem</createdBy>
<createdTime>2021-04-28 06:58:00 UTC</createdTime>
<generatorID>BF0151F4-0A01-C58F-1925-F7D21407629E</generatorID>
<ownerDesignName>ad_oraclemodel</ownerDesignName>
<indexState>Foreign Key</indexState>
<isSurrogateKey>false</isSurrogateKey>
<indexColumnUsage>
<colUsage columnID="6C0C4F3A-D988-CDFC-A5C9-3DA06A9DD484"/>
</indexColumnUsage>
</ind_PK_UK>
<ind_PK_UK id="41E6A6AD-CA7E-399D-0EDF-F3CF54735D11" name="INVOICE_DRUGREC">
<createdBy>nadeem</createdBy>
<createdTime>2021-04-28 06:58:00 UTC</createdTime>
<generatorID>759AD1A5-6F98-492B-72C5-04093ED616B2</generatorID>
<ownerDesignName>ad_oraclemodel</ownerDesignName>
<indexState>Foreign Key</indexState>
<isSurrogateKey>false</isSurrogateKey>
<indexColumnUsage>
<colUsage columnID="467126CB-E145-1BDA-EF64-A2C29C52ECEC"/>
<colUsage columnID="EB426556-F315-0D62-755A-FE2C25A8A0F2"/>
</indexColumnUsage>
</ind_PK_UK>
</indexes>
</Table>
