<?xml version = '1.0' encoding = 'UTF-8'?>
<Table class="oracle.dbtools.crest.model.design.relational.Table" directorySegmentName="seg_0" id="FCE7BAF4-5E75-D465-CC1D-26FAAA58DFB3" name="DRUG">
<createdBy>nadeem</createdBy>
<createdTime>2021-04-28 06:58:00 UTC</createdTime>
<generatorID>1D1C2BCA-5DB7-9306-B07E-8E3ED01F9C1F</generatorID>
<ownerDesignName>ad_oraclemodel</ownerDesignName>
<allowColumnReorder>false</allowColumnReorder>
<existDependencyGenerateInDDl>true</existDependencyGenerateInDDl>
<parsed>true</parsed>
<columns itemClass="oracle.dbtools.crest.model.design.relational.Column">
<Column name="drug_id" id="167FF55E-C72F-7750-94AE-55C66CE5E793">
<createdBy>nadeem</createdBy>
<createdTime>2021-04-28 06:58:00 UTC</createdTime>
<commentInRDBMS><![CDATA[drug id]]></commentInRDBMS>
<generatorID>7C2011C2-F062-C346-E5F1-43B6FC5FCF71</generatorID>
<ownerDesignName>ad_oraclemodel</ownerDesignName>
<useDomainConstraints>false</useDomainConstraints>
<use>1</use>
<logicalDatatype>LOGDT019</logicalDatatype>
<dataTypePrecision>7</dataTypePrecision>
<ownDataTypeParameters>,7,</ownDataTypeParameters>
<autoIncrementCycle>false</autoIncrementCycle>
</Column>
<Column name="drug_name" id="8B308F46-A803-B81D-1EC7-39F882F356BF">
<createdBy>nadeem</createdBy>
<createdTime>2021-04-28 06:58:00 UTC</createdTime>
<commentInRDBMS><![CDATA[drug name]]></commentInRDBMS>
<generatorID>A8D5A42A-188B-2622-2059-FD894D5029EA</generatorID>
<ownerDesignName>ad_oraclemodel</ownerDesignName>
<useDomainConstraints>false</useDomainConstraints>
<use>1</use>
<logicalDatatype>LOGDT024</logicalDatatype>
<dataTypeSize>50</dataTypeSize>
<ownDataTypeParameters>50,,</ownDataTypeParameters>
<autoIncrementCycle>false</autoIncrementCycle>
</Column>
<Column name="drug_usage_instructions" id="1E3ED70B-8C4F-5875-D5C2-E442EB839EEA">
<createdBy>nadeem</createdBy>
<createdTime>2021-04-28 06:58:00 UTC</createdTime>
<commentInRDBMS><![CDATA[drug usage instructions]]></commentInRDBMS>
<generatorID>E0D8D851-2CDA-656C-9C7D-04A0CC22EB07</generatorID>
<ownerDesignName>ad_oraclemodel</ownerDesignName>
<useDomainConstraints>false</useDomainConstraints>
<use>1</use>
<logicalDatatype>LOGDT024</logicalDatatype>
<dataTypeSize>250</dataTypeSize>
<ownDataTypeParameters>250,,</ownDataTypeParameters>
<autoIncrementCycle>false</autoIncrementCycle>
</Column>
<Column name="drug_cost" id="48C58611-4BEF-1223-73D6-0C5B0C5F02EF">
<createdBy>nadeem</createdBy>
<createdTime>2021-04-28 06:58:00 UTC</createdTime>
<commentInRDBMS><![CDATA[drug cost]]></commentInRDBMS>
<generatorID>75C47D05-F267-3682-8EA3-FC06E71142DE</generatorID>
<ownerDesignName>ad_oraclemodel</ownerDesignName>
<useDomainConstraints>false</useDomainConstraints>
<use>1</use>
<logicalDatatype>LOGDT019</logicalDatatype>
<dataTypePrecision>7</dataTypePrecision>
<dataTypeScale>2</dataTypeScale>
<ownDataTypeParameters>,7,2</ownDataTypeParameters>
<autoIncrementCycle>false</autoIncrementCycle>
</Column>
</columns>
<indexes itemClass="oracle.dbtools.crest.model.design.relational.Index">
<ind_PK_UK id="946BA38B-146A-6C9D-DDFA-2891F1B2FE52" name="DRUG_PK">
<createdBy>nadeem</createdBy>
<createdTime>2021-04-28 06:58:00 UTC</createdTime>
<generatorID>39AD3C64-C90A-509A-513C-533DE01F2B4B</generatorID>
<ownerDesignName>ad_oraclemodel</ownerDesignName>
<pk>true</pk>
<indexState>Primary Constraint</indexState>
<isSurrogateKey>false</isSurrogateKey>
<indexColumnUsage>
<colUsage columnID="167FF55E-C72F-7750-94AE-55C66CE5E793"/>
</indexColumnUsage>
</ind_PK_UK>
</indexes>
</Table>
