<?xml version = '1.0' encoding = 'UTF-8'?>
<Relation class="oracle.dbtools.crest.model.design.logical.Relation" name="ANIMAL_OWNERSHIPREC" directorySegmentName="seg_0" id="12114F59-4A9B-DE12-AFD4-60EA18400D52">
<createdBy>nadeem</createdBy>
<createdTime>2021-04-28 02:49:35 UTC</createdTime>
<ownerDesignName>ad_oraclemodel</ownerDesignName>
<engineerTo>
<item key="5646BAAB-4ABE-4E20-62C4-04BAFBB5CDD4" value="true"/>
</engineerTo>
<sourcePk>41D3389C-54D7-717E-F821-7D97EEC22F1C</sourcePk>
<dominantRole>70A05ED6-CF29-2D39-722B-4C25118C87EF</dominantRole>
<identifying>false</identifying>
<nameOnSource>appears in</nameOnSource>
<nameOnTarget> </nameOnTarget>
<optionalSource>false</optionalSource>
<optionalTarget>false</optionalTarget>
<sourceCardinality>1</sourceCardinality>
<sourceEntity>70A05ED6-CF29-2D39-722B-4C25118C87EF</sourceEntity>
<targetCardinalityString>1</targetCardinalityString>
<targetEntity>93D2F476-450A-85A2-7EBB-15FEF4D66D2A</targetEntity>
<transferable>true</transferable>
<deleteRule>NO ACTION</deleteRule>
</Relation>
