<?xml version = '1.0' encoding = 'UTF-8'?>
<Relation class="oracle.dbtools.crest.model.design.logical.Relation" name="ANIMAL_INVOICE" directorySegmentName="seg_0" id="132CAF2A-39EB-06FA-53AD-ED8DE7F65ABD">
<createdBy>nadeem</createdBy>
<createdTime>2021-04-28 02:43:01 UTC</createdTime>
<ownerDesignName>ad_oraclemodel</ownerDesignName>
<engineerTo>
<item key="5646BAAB-4ABE-4E20-62C4-04BAFBB5CDD4" value="true"/>
</engineerTo>
<sourcePk>41D3389C-54D7-717E-F821-7D97EEC22F1C</sourcePk>
<identifying>false</identifying>
<nameOnSource>has</nameOnSource>
<nameOnTarget> </nameOnTarget>
<optionalSource>true</optionalSource>
<optionalTarget>false</optionalTarget>
<sourceCardinality>1</sourceCardinality>
<sourceEntity>70A05ED6-CF29-2D39-722B-4C25118C87EF</sourceEntity>
<targetCardinalityString>*</targetCardinalityString>
<targetEntity>A2B95F07-60D9-F156-3738-EC8AC434E044</targetEntity>
<transferable>true</transferable>
<deleteRule>NO ACTION</deleteRule>
</Relation>
