<?xml version = '1.0' encoding = 'UTF-8'?>
<Relation class="oracle.dbtools.crest.model.design.logical.Relation" name="ANIMAL_VISIT" directorySegmentName="seg_0" id="4C115DC2-CA97-992C-BB76-FF1F7500CA0B">
<createdBy>nadeem</createdBy>
<createdTime>2021-04-28 02:44:42 UTC</createdTime>
<ownerDesignName>ad_oraclemodel</ownerDesignName>
<engineerTo>
<item key="5646BAAB-4ABE-4E20-62C4-04BAFBB5CDD4" value="true"/>
</engineerTo>
<sourcePk>41D3389C-54D7-717E-F821-7D97EEC22F1C</sourcePk>
<identifying>true</identifying>
<nameOnSource>attends</nameOnSource>
<nameOnTarget> </nameOnTarget>
<optionalSource>false</optionalSource>
<optionalTarget>false</optionalTarget>
<sourceCardinality>1</sourceCardinality>
<sourceEntity>70A05ED6-CF29-2D39-722B-4C25118C87EF</sourceEntity>
<targetCardinalityString>*</targetCardinalityString>
<targetEntity>2B4C3876-0A42-176C-3591-0ADFBEEA4DF6</targetEntity>
<transferable>true</transferable>
<deleteRule>NO ACTION</deleteRule>
</Relation>
