<?xml version = '1.0' encoding = 'UTF-8'?>
<Relation class="oracle.dbtools.crest.model.design.logical.Relation" name="CLINIC_VET" directorySegmentName="seg_0" id="6F9BA52E-05DC-1BDE-EB6B-C77CD94D5AAA">
<createdBy>nadeem</createdBy>
<createdTime>2021-04-27 23:52:34 UTC</createdTime>
<ownerDesignName>ad_oraclemodel</ownerDesignName>
<engineerTo>
<item key="5646BAAB-4ABE-4E20-62C4-04BAFBB5CDD4" value="true"/>
</engineerTo>
<identifying>false</identifying>
<nameOnSource>has</nameOnSource>
<nameOnTarget> </nameOnTarget>
<optionalSource>true</optionalSource>
<optionalTarget>true</optionalTarget>
<sourceCardinality>*</sourceCardinality>
<sourceEntity>877AF836-41EA-108E-E720-C9BCF4B918A0</sourceEntity>
<targetCardinalityString>*</targetCardinalityString>
<targetEntity>7D270BA5-3CE6-D959-30D8-5C317583D9B8</targetEntity>
<transferable>true</transferable>
<deleteRule>NO ACTION</deleteRule>
</Relation>
