<?xml version = '1.0' encoding = 'UTF-8'?>
<Relation class="oracle.dbtools.crest.model.design.logical.Relation" name="VET_INVOICE" directorySegmentName="seg_0" id="7E516E49-ABA7-1A2E-4292-F978DB2963E6">
<createdBy>nadeem</createdBy>
<createdTime>2021-04-28 02:59:31 UTC</createdTime>
<ownerDesignName>ad_oraclemodel</ownerDesignName>
<engineerTo>
<item key="5646BAAB-4ABE-4E20-62C4-04BAFBB5CDD4" value="true"/>
</engineerTo>
<sourcePk>AE070D35-B5C8-D5DC-0090-BBFBC160E804</sourcePk>
<identifying>false</identifying>
<nameOnSource>appears in</nameOnSource>
<optionalSource>true</optionalSource>
<optionalTarget>false</optionalTarget>
<sourceCardinality>1</sourceCardinality>
<sourceEntity>7D270BA5-3CE6-D959-30D8-5C317583D9B8</sourceEntity>
<targetCardinalityString>*</targetCardinalityString>
<targetEntity>A2B95F07-60D9-F156-3738-EC8AC434E044</targetEntity>
<transferable>true</transferable>
<deleteRule>NO ACTION</deleteRule>
</Relation>
