<?xml version = '1.0' encoding = 'UTF-8'?>
<Relation class="oracle.dbtools.crest.model.design.logical.Relation" name="INVOICE_SERVICEREC" directorySegmentName="seg_0" id="D3659DC4-7D47-F7A1-9BF6-387127F1A167">
<createdBy>nadeem</createdBy>
<createdTime>2021-04-28 06:05:06 UTC</createdTime>
<ownerDesignName>ad_oraclemodel</ownerDesignName>
<engineerTo>
<item key="370113D6-1A9F-3FE8-FF4D-739CC799AB01" value="true"/>
</engineerTo>
<sourcePk>0339FBBA-76AD-D5F3-275B-D412F6FEECF4</sourcePk>
<identifying>false</identifying>
<nameOnSource>appears in</nameOnSource>
<nameOnTarget> </nameOnTarget>
<optionalSource>false</optionalSource>
<optionalTarget>false</optionalTarget>
<sourceCardinality>1</sourceCardinality>
<sourceEntity>A2B95F07-60D9-F156-3738-EC8AC434E044</sourceEntity>
<targetCardinalityString>*</targetCardinalityString>
<targetEntity>09D8419E-923E-EB38-D105-558D6CA3E214</targetEntity>
<transferable>true</transferable>
<deleteRule>NO ACTION</deleteRule>
</Relation>
