<?xml version = '1.0' encoding = 'UTF-8'?>
<Relation class="oracle.dbtools.crest.model.design.logical.Relation" name="DRUG_PRESCRIPTIOn" directorySegmentName="seg_0" id="DC8BF4C2-7FFD-B85E-F62E-A56A417B83C6">
<createdBy>nadeem</createdBy>
<createdTime>2021-04-28 01:18:59 UTC</createdTime>
<ownerDesignName>ad_oraclemodel</ownerDesignName>
<engineerTo>
<item key="5646BAAB-4ABE-4E20-62C4-04BAFBB5CDD4" value="true"/>
</engineerTo>
<sourcePk>39AD3C64-C90A-509A-513C-533DE01F2B4B</sourcePk>
<identifying>false</identifying>
<nameOnSource>appears in</nameOnSource>
<nameOnTarget> </nameOnTarget>
<optionalSource>true</optionalSource>
<optionalTarget>false</optionalTarget>
<sourceCardinality>1</sourceCardinality>
<sourceEntity>1D1C2BCA-5DB7-9306-B07E-8E3ED01F9C1F</sourceEntity>
<targetCardinalityString>*</targetCardinalityString>
<targetEntity>F5C2EA70-B859-C3A7-C831-1F3A33C6BA36</targetEntity>
<transferable>true</transferable>
<deleteRule>NO ACTION</deleteRule>
</Relation>
