<?xml version = '1.0' encoding = 'UTF-8'?>
<Entity class="oracle.dbtools.crest.model.design.logical.Entity" directorySegmentName="seg_0" id="09D8419E-923E-EB38-D105-558D6CA3E214" name="SERVICE_REC">
<createdBy>nadeem</createdBy>
<createdTime>2021-04-27 23:10:59 UTC</createdTime>
<ownerDesignName>ad_oraclemodel</ownerDesignName>
<engineerTo>
<item key="370113D6-1A9F-3FE8-FF4D-739CC799AB01" value="true"/>
</engineerTo>
<adequatelyNormalized>NO</adequatelyNormalized>
<expectedVolumes>0</expectedVolumes>
<fwdEngineeringStrategyName>Single Table</fwdEngineeringStrategyName>
<growthPercent>0</growthPercent>
<growthType>Year</growthType>
<maxVolumes>9999999</maxVolumes>
<minVolumes>0</minVolumes>
<normalForm>Third</normalForm>
<attributes itemClass="oracle.dbtools.crest.model.design.logical.Attribute">
<Attribute name="service_code" id="9625E3A3-36A1-B02A-9C5F-9836E8A7F812">
<createdBy>nadeem</createdBy>
<createdTime>2021-04-28 00:26:21 UTC</createdTime>
<commentInRDBMS><![CDATA[service code]]></commentInRDBMS>
<generatorID>AF198AD5-050B-7051-01D3-D1E8874D220A</generatorID>
<ownerDesignName>ad_oraclemodel</ownerDesignName>
<engineerTo>
<item key="370113D6-1A9F-3FE8-FF4D-739CC799AB01" value="true"/>
</engineerTo>
<referedAttribute>E06854CB-2498-3A18-78FC-08619E215063</referedAttribute>
<useDomainConstraints>false</useDomainConstraints>
<use>1</use>
<logicalDatatype>LOGDT019</logicalDatatype>
<dataTypePrecision>7</dataTypePrecision>
<ownDataTypeParameters>,,</ownDataTypeParameters>
</Attribute>
<Attribute name="animal_id" id="2BA72633-9C95-8543-5455-5867DB2AB798">
<createdBy>nadeem</createdBy>
<createdTime>2021-04-28 06:05:06 UTC</createdTime>
<commentInRDBMS><![CDATA[animal id]]></commentInRDBMS>
<generatorID>D3659DC4-7D47-F7A1-9BF6-387127F1A167</generatorID>
<ownerDesignName>ad_oraclemodel</ownerDesignName>
<engineerTo>
<item key="370113D6-1A9F-3FE8-FF4D-739CC799AB01" value="true"/>
</engineerTo>
<referedAttribute>3DDA145C-17F4-74EB-8BCF-26919D6634D1</referedAttribute>
<useDomainConstraints>false</useDomainConstraints>
<use>1</use>
<logicalDatatype>LOGDT019</logicalDatatype>
<dataTypePrecision>7</dataTypePrecision>
<ownDataTypeParameters>,,</ownDataTypeParameters>
</Attribute>
<Attribute name="invoice_date" id="37B45724-2322-6CCA-96B1-4EEA6AC0615D">
<createdBy>nadeem</createdBy>
<createdTime>2021-04-28 06:05:06 UTC</createdTime>
<commentInRDBMS><![CDATA[invoice date]]></commentInRDBMS>
<generatorID>D3659DC4-7D47-F7A1-9BF6-387127F1A167</generatorID>
<ownerDesignName>ad_oraclemodel</ownerDesignName>
<engineerTo>
<item key="370113D6-1A9F-3FE8-FF4D-739CC799AB01" value="true"/>
</engineerTo>
<referedAttribute>29BAD570-F226-3CE7-B422-55957C19EF09</referedAttribute>
<useDomainConstraints>false</useDomainConstraints>
<use>1</use>
<logicalDatatype>LOGDT007</logicalDatatype>
<ownDataTypeParameters>,,</ownDataTypeParameters>
</Attribute>
</attributes>
<identifiers itemClass="oracle.dbtools.crest.model.design.logical.CandidateKey">
<identifier id="A29C50FE-EE12-6C94-F860-2A3821EC50C5" name="SERVICE_REC PK">
<createdBy>nadeem</createdBy>
<createdTime>2021-04-28 06:05:52 UTC</createdTime>
<ownerDesignName>ad_oraclemodel</ownerDesignName>
<engineerTo>
<item key="370113D6-1A9F-3FE8-FF4D-739CC799AB01" value="true"/>
</engineerTo>
<pk>true</pk>
<usedAttributes>
<attributeRef>9625E3A3-36A1-B02A-9C5F-9836E8A7F812</attributeRef>
<attributeRef>37B45724-2322-6CCA-96B1-4EEA6AC0615D</attributeRef>
<attributeRef>2BA72633-9C95-8543-5455-5867DB2AB798</attributeRef>
</usedAttributes>
</identifier>
</identifiers>
</Entity>
