<?xml version = '1.0' encoding = 'UTF-8'?>
<Entity class="oracle.dbtools.crest.model.design.logical.Entity" directorySegmentName="seg_0" id="1D1C2BCA-5DB7-9306-B07E-8E3ED01F9C1F" name="DRUG">
<createdBy>nadeem</createdBy>
<createdTime>2021-04-27 22:58:52 UTC</createdTime>
<ownerDesignName>ad_oraclemodel</ownerDesignName>
<engineerTo>
<item key="A15AF85B-18DF-FC5D-FAD7-3447DB9D912D" value="true"/>
</engineerTo>
<adequatelyNormalized>NO</adequatelyNormalized>
<expectedVolumes>0</expectedVolumes>
<fwdEngineeringStrategyName>Single Table</fwdEngineeringStrategyName>
<growthPercent>0</growthPercent>
<growthType>Year</growthType>
<maxVolumes>9999999</maxVolumes>
<minVolumes>0</minVolumes>
<normalForm>Third</normalForm>
<attributes itemClass="oracle.dbtools.crest.model.design.logical.Attribute">
<Attribute name="drug_id" id="7C2011C2-F062-C346-E5F1-43B6FC5FCF71">
<createdBy>nadeem</createdBy>
<createdTime>2021-04-27 22:58:58 UTC</createdTime>
<commentInRDBMS><![CDATA[drug id]]></commentInRDBMS>
<ownerDesignName>ad_oraclemodel</ownerDesignName>
<engineerTo>
<item key="A15AF85B-18DF-FC5D-FAD7-3447DB9D912D" value="true"/>
</engineerTo>
<useDomainConstraints>false</useDomainConstraints>
<use>1</use>
<logicalDatatype>LOGDT019</logicalDatatype>
<dataTypePrecision>7</dataTypePrecision>
<ownDataTypeParameters>,7,</ownDataTypeParameters>
</Attribute>
<Attribute name="drug_name" id="A8D5A42A-188B-2622-2059-FD894D5029EA">
<createdBy>nadeem</createdBy>
<createdTime>2021-04-27 22:58:58 UTC</createdTime>
<commentInRDBMS><![CDATA[drug name]]></commentInRDBMS>
<ownerDesignName>ad_oraclemodel</ownerDesignName>
<engineerTo>
<item key="A15AF85B-18DF-FC5D-FAD7-3447DB9D912D" value="true"/>
</engineerTo>
<useDomainConstraints>false</useDomainConstraints>
<use>1</use>
<logicalDatatype>LOGDT024</logicalDatatype>
<dataTypeSize>50</dataTypeSize>
<ownDataTypeParameters>50,,</ownDataTypeParameters>
</Attribute>
<Attribute name="drug_usage_instructions" id="E0D8D851-2CDA-656C-9C7D-04A0CC22EB07">
<createdBy>nadeem</createdBy>
<createdTime>2021-04-27 22:58:59 UTC</createdTime>
<commentInRDBMS><![CDATA[drug usage instructions]]></commentInRDBMS>
<ownerDesignName>ad_oraclemodel</ownerDesignName>
<engineerTo>
<item key="A15AF85B-18DF-FC5D-FAD7-3447DB9D912D" value="true"/>
</engineerTo>
<useDomainConstraints>false</useDomainConstraints>
<use>1</use>
<logicalDatatype>LOGDT024</logicalDatatype>
<dataTypeSize>250</dataTypeSize>
<ownDataTypeParameters>250,,</ownDataTypeParameters>
</Attribute>
<Attribute name="drug_cost" id="75C47D05-F267-3682-8EA3-FC06E71142DE">
<createdBy>nadeem</createdBy>
<createdTime>2021-04-27 23:19:03 UTC</createdTime>
<commentInRDBMS><![CDATA[drug cost]]></commentInRDBMS>
<ownerDesignName>ad_oraclemodel</ownerDesignName>
<engineerTo>
<item key="A15AF85B-18DF-FC5D-FAD7-3447DB9D912D" value="true"/>
</engineerTo>
<useDomainConstraints>false</useDomainConstraints>
<use>1</use>
<logicalDatatype>LOGDT019</logicalDatatype>
<dataTypePrecision>7</dataTypePrecision>
<dataTypeScale>2</dataTypeScale>
<ownDataTypeParameters>,7,2</ownDataTypeParameters>
</Attribute>
</attributes>
<identifiers itemClass="oracle.dbtools.crest.model.design.logical.CandidateKey">
<identifier id="39AD3C64-C90A-509A-513C-533DE01F2B4B" name="DRUG PK">
<createdBy>nadeem</createdBy>
<createdTime>2021-04-27 22:59:08 UTC</createdTime>
<ownerDesignName>ad_oraclemodel</ownerDesignName>
<engineerTo>
<item key="A15AF85B-18DF-FC5D-FAD7-3447DB9D912D" value="true"/>
</engineerTo>
<pk>true</pk>
<usedAttributes>
<attributeRef>7C2011C2-F062-C346-E5F1-43B6FC5FCF71</attributeRef>
</usedAttributes>
</identifier>
</identifiers>
</Entity>
