<?xml version = '1.0' encoding = 'UTF-8'?>
<Entity class="oracle.dbtools.crest.model.design.logical.Entity" directorySegmentName="seg_0" id="2B4C3876-0A42-176C-3591-0ADFBEEA4DF6" name="VISIT">
<createdBy>nadeem</createdBy>
<createdTime>2021-04-27 22:32:26 UTC</createdTime>
<ownerDesignName>ad_oraclemodel</ownerDesignName>
<engineerTo>
<item key="38B70020-745F-CFB6-DB08-03A47FAC6DCC" value="true"/>
</engineerTo>
<adequatelyNormalized>NO</adequatelyNormalized>
<expectedVolumes>0</expectedVolumes>
<fwdEngineeringStrategyName>Single Table</fwdEngineeringStrategyName>
<growthPercent>0</growthPercent>
<growthType>Year</growthType>
<maxVolumes>9999999</maxVolumes>
<minVolumes>0</minVolumes>
<normalForm>Third</normalForm>
<attributes itemClass="oracle.dbtools.crest.model.design.logical.Attribute">
<Attribute name="visit_date" id="011036E6-A98E-F68E-AF49-E46674524B1A">
<createdBy>nadeem</createdBy>
<createdTime>2021-04-27 22:32:38 UTC</createdTime>
<commentInRDBMS><![CDATA[visit date]]></commentInRDBMS>
<ownerDesignName>ad_oraclemodel</ownerDesignName>
<engineerTo>
<item key="38B70020-745F-CFB6-DB08-03A47FAC6DCC" value="true"/>
</engineerTo>
<useDomainConstraints>false</useDomainConstraints>
<use>1</use>
<logicalDatatype>LOGDT007</logicalDatatype>
<ownDataTypeParameters>,,</ownDataTypeParameters>
</Attribute>
<Attribute name="animal_id" id="88A7A08A-C265-FDE1-4D6E-FBA5604312A0">
<createdBy>nadeem</createdBy>
<createdTime>2021-04-28 02:44:42 UTC</createdTime>
<commentInRDBMS><![CDATA[animal id]]></commentInRDBMS>
<generatorID>4C115DC2-CA97-992C-BB76-FF1F7500CA0B</generatorID>
<ownerDesignName>ad_oraclemodel</ownerDesignName>
<engineerTo>
<item key="38B70020-745F-CFB6-DB08-03A47FAC6DCC" value="true"/>
</engineerTo>
<referedAttribute>DE3525EE-733A-9F94-E9E1-3E69B52BB12E</referedAttribute>
<useDomainConstraints>false</useDomainConstraints>
<use>1</use>
<logicalDatatype>LOGDT019</logicalDatatype>
<dataTypePrecision>7</dataTypePrecision>
<ownDataTypeParameters>,,</ownDataTypeParameters>
</Attribute>
<Attribute name="visit_length" id="EAF7C2A7-4C83-EAEB-F8CA-37FB987039BC">
<createdBy>nadeem</createdBy>
<createdTime>2021-04-27 22:32:39 UTC</createdTime>
<commentInRDBMS><![CDATA[visit length]]></commentInRDBMS>
<ownerDesignName>ad_oraclemodel</ownerDesignName>
<engineerTo>
<item key="38B70020-745F-CFB6-DB08-03A47FAC6DCC" value="true"/>
</engineerTo>
<useDomainConstraints>false</useDomainConstraints>
<use>1</use>
<logicalDatatype>LOGDT024</logicalDatatype>
<dataTypeSize>15</dataTypeSize>
<ownDataTypeParameters>15,,</ownDataTypeParameters>
</Attribute>
<Attribute name="visit_notes" id="8367ED99-8109-1EEE-E1AF-BF5B96D8719C">
<createdBy>nadeem</createdBy>
<createdTime>2021-04-27 22:32:39 UTC</createdTime>
<commentInRDBMS><![CDATA[visit notes]]></commentInRDBMS>
<ownerDesignName>ad_oraclemodel</ownerDesignName>
<engineerTo>
<item key="38B70020-745F-CFB6-DB08-03A47FAC6DCC" value="true"/>
</engineerTo>
<nullsAllowed>true</nullsAllowed>
<useDomainConstraints>false</useDomainConstraints>
<use>1</use>
<logicalDatatype>LOGDT024</logicalDatatype>
<dataTypeSize>250</dataTypeSize>
<ownDataTypeParameters>250,,</ownDataTypeParameters>
</Attribute>
<Attribute name="clinic_id" id="32AAAA58-C5DC-5B4F-490B-6688DC90BD5C">
<createdBy>nadeem</createdBy>
<createdTime>2021-04-27 23:46:45 UTC</createdTime>
<commentInRDBMS><![CDATA[clinic id]]></commentInRDBMS>
<generatorID>EAB139F9-A531-1D9F-1370-05A24C435E2E</generatorID>
<ownerDesignName>ad_oraclemodel</ownerDesignName>
<engineerTo>
<item key="38B70020-745F-CFB6-DB08-03A47FAC6DCC" value="true"/>
</engineerTo>
<referedAttribute>6952ECB8-7E93-1CEB-9B8C-F9C1EDAD773E</referedAttribute>
<useDomainConstraints>false</useDomainConstraints>
<use>1</use>
<logicalDatatype>LOGDT019</logicalDatatype>
<dataTypePrecision>7</dataTypePrecision>
<ownDataTypeParameters>,7,</ownDataTypeParameters>
</Attribute>
<Attribute name="vet_id" id="C87EBFBB-34F3-FED3-162C-8CACCDF85496">
<createdBy>nadeem</createdBy>
<createdTime>2021-04-27 23:50:11 UTC</createdTime>
<commentInRDBMS><![CDATA[vet id]]></commentInRDBMS>
<generatorID>18A342BE-106D-0DCD-A31D-65B11345B4A6</generatorID>
<ownerDesignName>ad_oraclemodel</ownerDesignName>
<engineerTo>
<item key="38B70020-745F-CFB6-DB08-03A47FAC6DCC" value="true"/>
</engineerTo>
<referedAttribute>624AF373-8407-B94D-9956-9FAE7416F00D</referedAttribute>
<useDomainConstraints>false</useDomainConstraints>
<use>1</use>
<logicalDatatype>LOGDT019</logicalDatatype>
<dataTypePrecision>7</dataTypePrecision>
<ownDataTypeParameters>,,</ownDataTypeParameters>
</Attribute>
<Attribute name="visit_prev_visit_id" id="22E5E599-DF0F-8AAF-EF9C-C1EAFF811F59">
<createdBy>nadeem</createdBy>
<createdTime>2021-04-28 01:29:12 UTC</createdTime>
<commentInRDBMS><![CDATA[previous visit id, if any]]></commentInRDBMS>
<ownerDesignName>ad_oraclemodel</ownerDesignName>
<engineerTo>
<item key="38B70020-745F-CFB6-DB08-03A47FAC6DCC" value="true"/>
</engineerTo>
<nullsAllowed>true</nullsAllowed>
<useDomainConstraints>false</useDomainConstraints>
<use>1</use>
<logicalDatatype>LOGDT019</logicalDatatype>
<dataTypePrecision>7</dataTypePrecision>
<ownDataTypeParameters>,7,</ownDataTypeParameters>
</Attribute>
</attributes>
<identifiers itemClass="oracle.dbtools.crest.model.design.logical.CandidateKey">
<identifier id="D17CBB5B-540B-9101-DCE5-E040626B5AAC" name="VISIT PK">
<createdBy>nadeem</createdBy>
<createdTime>2021-04-27 22:40:01 UTC</createdTime>
<ownerDesignName>ad_oraclemodel</ownerDesignName>
<engineerTo>
<item key="38B70020-745F-CFB6-DB08-03A47FAC6DCC" value="true"/>
</engineerTo>
<pk>true</pk>
<usedAttributes>
<attributeRef>011036E6-A98E-F68E-AF49-E46674524B1A</attributeRef>
<attributeRef>88A7A08A-C265-FDE1-4D6E-FBA5604312A0</attributeRef>
</usedAttributes>
</identifier>
</identifiers>
</Entity>
