<?xml version = '1.0' encoding = 'UTF-8'?>
<Entity class="oracle.dbtools.crest.model.design.logical.Entity" directorySegmentName="seg_0" id="70A05ED6-CF29-2D39-722B-4C25118C87EF" name="ANIMAL">
<createdBy>nadeem</createdBy>
<createdTime>2021-04-28 02:37:34 UTC</createdTime>
<ownerDesignName>ad_oraclemodel</ownerDesignName>
<engineerTo>
<item key="5646BAAB-4ABE-4E20-62C4-04BAFBB5CDD4" value="true"/>
</engineerTo>
<adequatelyNormalized>NO</adequatelyNormalized>
<expectedVolumes>0</expectedVolumes>
<fwdEngineeringStrategyName>Single Table</fwdEngineeringStrategyName>
<growthPercent>0</growthPercent>
<growthType>Year</growthType>
<maxVolumes>9999999</maxVolumes>
<minVolumes>0</minVolumes>
<normalForm>Third</normalForm>
<attributes itemClass="oracle.dbtools.crest.model.design.logical.Attribute">
<Attribute name="animal_id" id="DE3525EE-733A-9F94-E9E1-3E69B52BB12E">
<createdBy>nadeem</createdBy>
<createdTime>2021-04-28 02:37:50 UTC</createdTime>
<commentInRDBMS><![CDATA[animal id]]></commentInRDBMS>
<ownerDesignName>ad_oraclemodel</ownerDesignName>
<engineerTo>
<item key="5646BAAB-4ABE-4E20-62C4-04BAFBB5CDD4" value="true"/>
</engineerTo>
<useDomainConstraints>false</useDomainConstraints>
<use>1</use>
<logicalDatatype>LOGDT019</logicalDatatype>
<dataTypePrecision>7</dataTypePrecision>
<ownDataTypeParameters>,7,</ownDataTypeParameters>
</Attribute>
<Attribute name="animal_gender" id="0ACBFB1D-39BE-CD97-94F0-3A9EEF8F6960">
<createdBy>nadeem</createdBy>
<createdTime>2021-04-28 02:37:51 UTC</createdTime>
<commentInRDBMS><![CDATA[animal gender]]></commentInRDBMS>
<ownerDesignName>ad_oraclemodel</ownerDesignName>
<engineerTo>
<item key="5646BAAB-4ABE-4E20-62C4-04BAFBB5CDD4" value="true"/>
</engineerTo>
<constraintName>chk_animal_gender</constraintName>
<useDomainConstraints>false</useDomainConstraints>
<use>1</use>
<logicalDatatype>LOGDT024</logicalDatatype>
<dataTypeSize>6</dataTypeSize>
<listOfValues>
<valueDef value="F" description="Female"/>
<valueDef value="M" description="Male"/>
</listOfValues>
<ownDataTypeParameters>6,,</ownDataTypeParameters>
</Attribute>
<Attribute name="animal_name" id="BF7C71AC-CFEE-EBBC-1E29-9221CB1B2785">
<createdBy>nadeem</createdBy>
<createdTime>2021-04-28 02:37:51 UTC</createdTime>
<commentInRDBMS><![CDATA[animal name]]></commentInRDBMS>
<ownerDesignName>ad_oraclemodel</ownerDesignName>
<engineerTo>
<item key="5646BAAB-4ABE-4E20-62C4-04BAFBB5CDD4" value="true"/>
</engineerTo>
<useDomainConstraints>false</useDomainConstraints>
<use>1</use>
<logicalDatatype>LOGDT024</logicalDatatype>
<dataTypeSize>50</dataTypeSize>
<ownDataTypeParameters>50,,</ownDataTypeParameters>
</Attribute>
<Attribute name="animal_birthdate" id="C76F06D6-795F-6963-561D-F1D0FC51C608">
<createdBy>nadeem</createdBy>
<createdTime>2021-04-28 02:37:52 UTC</createdTime>
<commentInRDBMS><![CDATA[animal date of birth]]></commentInRDBMS>
<ownerDesignName>ad_oraclemodel</ownerDesignName>
<engineerTo>
<item key="5646BAAB-4ABE-4E20-62C4-04BAFBB5CDD4" value="true"/>
</engineerTo>
<useDomainConstraints>false</useDomainConstraints>
<use>1</use>
<logicalDatatype>LOGDT007</logicalDatatype>
<ownDataTypeParameters>,,</ownDataTypeParameters>
</Attribute>
<Attribute name="animal_deceased" id="40E4CD7A-083E-0686-D869-1ED17FBF4BEF">
<createdBy>nadeem</createdBy>
<createdTime>2021-04-28 02:37:52 UTC</createdTime>
<commentInRDBMS><![CDATA[animal deceased or not]]></commentInRDBMS>
<ownerDesignName>ad_oraclemodel</ownerDesignName>
<engineerTo>
<item key="5646BAAB-4ABE-4E20-62C4-04BAFBB5CDD4" value="true"/>
</engineerTo>
<constraintName>chk_animal_deceased</constraintName>
<useDomainConstraints>false</useDomainConstraints>
<use>1</use>
<logicalDatatype>LOGDT024</logicalDatatype>
<dataTypeSize>3</dataTypeSize>
<listOfValues>
<valueDef value="N" description="No"/>
<valueDef value="Y" description="Yes"/>
</listOfValues>
<ownDataTypeParameters>3,,</ownDataTypeParameters>
</Attribute>
<Attribute name="animal_type_id" id="2A2ED137-E226-32EE-001A-BD88758D5CC1">
<createdBy>nadeem</createdBy>
<createdTime>2021-04-28 02:41:02 UTC</createdTime>
<commentInRDBMS><![CDATA[animal type id]]></commentInRDBMS>
<generatorID>C8345B83-3C88-5D68-6A69-930AFD0436A8</generatorID>
<ownerDesignName>ad_oraclemodel</ownerDesignName>
<engineerTo>
<item key="5646BAAB-4ABE-4E20-62C4-04BAFBB5CDD4" value="true"/>
</engineerTo>
<referedAttribute>4EA56594-A2DF-B382-4C35-382D21716F0A</referedAttribute>
<useDomainConstraints>false</useDomainConstraints>
<use>1</use>
<logicalDatatype>LOGDT019</logicalDatatype>
<dataTypePrecision>7</dataTypePrecision>
<ownDataTypeParameters>,7,</ownDataTypeParameters>
</Attribute>
</attributes>
<identifiers itemClass="oracle.dbtools.crest.model.design.logical.CandidateKey">
<identifier id="41D3389C-54D7-717E-F821-7D97EEC22F1C" name="ANIMAL PK">
<createdBy>nadeem</createdBy>
<createdTime>2021-04-28 02:38:06 UTC</createdTime>
<ownerDesignName>ad_oraclemodel</ownerDesignName>
<shouldEngineer>false</shouldEngineer>
<engineerTo>
<item key="5646BAAB-4ABE-4E20-62C4-04BAFBB5CDD4" value="false"/>
</engineerTo>
<pk>true</pk>
<usedAttributes>
<attributeRef>DE3525EE-733A-9F94-E9E1-3E69B52BB12E</attributeRef>
</usedAttributes>
</identifier>
</identifiers>
</Entity>
