<?xml version = '1.0' encoding = 'UTF-8'?>
<Entity class="oracle.dbtools.crest.model.design.logical.Entity" directorySegmentName="seg_0" id="79B7EAAE-B364-7469-FCE5-F9426A8EFD29" name="OWNER">
<createdBy>nadeem</createdBy>
<createdTime>2021-04-27 22:14:09 UTC</createdTime>
<ownerDesignName>ad_oraclemodel</ownerDesignName>
<engineerTo>
<item key="6602CB52-8866-7E96-48EF-D491A185E41F" value="true"/>
</engineerTo>
<adequatelyNormalized>NO</adequatelyNormalized>
<expectedVolumes>0</expectedVolumes>
<fwdEngineeringStrategyName>Single Table</fwdEngineeringStrategyName>
<growthPercent>0</growthPercent>
<growthType>Year</growthType>
<maxVolumes>9999999</maxVolumes>
<minVolumes>0</minVolumes>
<normalForm>Third</normalForm>
<attributes itemClass="oracle.dbtools.crest.model.design.logical.Attribute">
<Attribute name="owner_id" id="04BEAF63-31B8-69B0-61CD-F7E308557AEF">
<createdBy>nadeem</createdBy>
<createdTime>2021-04-27 22:15:18 UTC</createdTime>
<commentInRDBMS><![CDATA[owner id number]]></commentInRDBMS>
<ownerDesignName>ad_oraclemodel</ownerDesignName>
<engineerTo>
<item key="6602CB52-8866-7E96-48EF-D491A185E41F" value="true"/>
</engineerTo>
<useDomainConstraints>false</useDomainConstraints>
<use>1</use>
<logicalDatatype>LOGDT019</logicalDatatype>
<dataTypePrecision>7</dataTypePrecision>
<ownDataTypeParameters>,7,</ownDataTypeParameters>
</Attribute>
<Attribute name="owner_given_name" id="612DD883-BF1A-EF8C-7A07-40EF69071160">
<createdBy>nadeem</createdBy>
<createdTime>2021-04-27 22:15:18 UTC</createdTime>
<commentInRDBMS><![CDATA[owner given name]]></commentInRDBMS>
<ownerDesignName>ad_oraclemodel</ownerDesignName>
<engineerTo>
<item key="6602CB52-8866-7E96-48EF-D491A185E41F" value="true"/>
</engineerTo>
<useDomainConstraints>false</useDomainConstraints>
<use>1</use>
<logicalDatatype>LOGDT024</logicalDatatype>
<dataTypeSize>50</dataTypeSize>
<ownDataTypeParameters>50,,</ownDataTypeParameters>
</Attribute>
<Attribute name="owner_family_name" id="E9B330AA-1AC3-E7C5-DA29-8965F848E76C">
<createdBy>nadeem</createdBy>
<createdTime>2021-04-27 22:15:19 UTC</createdTime>
<commentInRDBMS><![CDATA[owner family name]]></commentInRDBMS>
<ownerDesignName>ad_oraclemodel</ownerDesignName>
<engineerTo>
<item key="6602CB52-8866-7E96-48EF-D491A185E41F" value="true"/>
</engineerTo>
<useDomainConstraints>false</useDomainConstraints>
<use>1</use>
<logicalDatatype>LOGDT024</logicalDatatype>
<dataTypeSize>50</dataTypeSize>
<ownDataTypeParameters>50,,</ownDataTypeParameters>
</Attribute>
<Attribute name="owner_address" id="0D641820-94ED-736D-59C7-520A2E8FD053">
<createdBy>nadeem</createdBy>
<createdTime>2021-04-27 22:15:19 UTC</createdTime>
<commentInRDBMS><![CDATA[owner town]]></commentInRDBMS>
<ownerDesignName>ad_oraclemodel</ownerDesignName>
<engineerTo>
<item key="6602CB52-8866-7E96-48EF-D491A185E41F" value="true"/>
</engineerTo>
<useDomainConstraints>false</useDomainConstraints>
<use>1</use>
<logicalDatatype>LOGDT024</logicalDatatype>
<dataTypeSize>200</dataTypeSize>
<ownDataTypeParameters>200,,</ownDataTypeParameters>
</Attribute>
<Attribute name="owner_pref_vet_id" id="DA34FDD7-0D9B-A28C-4B9C-F7BE6CF339A0">
<createdBy>nadeem</createdBy>
<createdTime>2021-04-27 22:15:20 UTC</createdTime>
<commentInRDBMS><![CDATA[the owner prefered vet  id]]></commentInRDBMS>
<ownerDesignName>ad_oraclemodel</ownerDesignName>
<engineerTo>
<item key="6602CB52-8866-7E96-48EF-D491A185E41F" value="true"/>
</engineerTo>
<nullsAllowed>true</nullsAllowed>
<useDomainConstraints>false</useDomainConstraints>
<use>1</use>
<logicalDatatype>LOGDT019</logicalDatatype>
<dataTypePrecision>7</dataTypePrecision>
<ownDataTypeParameters>,7,</ownDataTypeParameters>
</Attribute>
<Attribute name="owner_phone_number" id="659B28F3-F485-7988-073E-0F2273EEE58F">
<createdBy>nadeem</createdBy>
<createdTime>2021-04-27 22:29:50 UTC</createdTime>
<commentInRDBMS><![CDATA[owner phone number]]></commentInRDBMS>
<ownerDesignName>ad_oraclemodel</ownerDesignName>
<engineerTo>
<item key="6602CB52-8866-7E96-48EF-D491A185E41F" value="true"/>
</engineerTo>
<nullsAllowed>true</nullsAllowed>
<useDomainConstraints>false</useDomainConstraints>
<use>1</use>
<logicalDatatype>LOGDT025</logicalDatatype>
<dataTypeSize>10</dataTypeSize>
<ownDataTypeParameters>10,,</ownDataTypeParameters>
</Attribute>
</attributes>
<identifiers itemClass="oracle.dbtools.crest.model.design.logical.CandidateKey">
<identifier id="008B9996-9EFA-26FD-3CD4-82B921FC9C33" name="OWNER PK">
<createdBy>nadeem</createdBy>
<createdTime>2021-04-27 22:18:43 UTC</createdTime>
<ownerDesignName>ad_oraclemodel</ownerDesignName>
<engineerTo>
<item key="6602CB52-8866-7E96-48EF-D491A185E41F" value="true"/>
</engineerTo>
<pk>true</pk>
<usedAttributes>
<attributeRef>04BEAF63-31B8-69B0-61CD-F7E308557AEF</attributeRef>
</usedAttributes>
</identifier>
</identifiers>
</Entity>
