<?xml version = '1.0' encoding = 'UTF-8'?>
<Entity class="oracle.dbtools.crest.model.design.logical.Entity" directorySegmentName="seg_0" id="7D270BA5-3CE6-D959-30D8-5C317583D9B8" name="VET">
<createdBy>nadeem</createdBy>
<createdTime>2021-04-27 22:46:39 UTC</createdTime>
<ownerDesignName>ad_oraclemodel</ownerDesignName>
<engineerTo>
<item key="6602CB52-8866-7E96-48EF-D491A185E41F" value="true"/>
</engineerTo>
<adequatelyNormalized>NO</adequatelyNormalized>
<expectedVolumes>0</expectedVolumes>
<fwdEngineeringStrategyName>Single Table</fwdEngineeringStrategyName>
<growthPercent>0</growthPercent>
<growthType>Year</growthType>
<maxVolumes>9999999</maxVolumes>
<minVolumes>0</minVolumes>
<normalForm>Third</normalForm>
<attributes itemClass="oracle.dbtools.crest.model.design.logical.Attribute">
<Attribute name="vet_id" id="624AF373-8407-B94D-9956-9FAE7416F00D">
<createdBy>nadeem</createdBy>
<createdTime>2021-04-27 22:46:44 UTC</createdTime>
<commentInRDBMS><![CDATA[vet id]]></commentInRDBMS>
<ownerDesignName>ad_oraclemodel</ownerDesignName>
<engineerTo>
<item key="6602CB52-8866-7E96-48EF-D491A185E41F" value="true"/>
</engineerTo>
<useDomainConstraints>false</useDomainConstraints>
<use>1</use>
<logicalDatatype>LOGDT019</logicalDatatype>
<dataTypePrecision>7</dataTypePrecision>
<ownDataTypeParameters>,7,</ownDataTypeParameters>
</Attribute>
<Attribute name="vet_given_name" id="1EFAE275-361C-7644-8A36-7B47F1CB4D68">
<createdBy>nadeem</createdBy>
<createdTime>2021-04-27 22:46:44 UTC</createdTime>
<commentInRDBMS><![CDATA[vet given name]]></commentInRDBMS>
<ownerDesignName>ad_oraclemodel</ownerDesignName>
<engineerTo>
<item key="6602CB52-8866-7E96-48EF-D491A185E41F" value="true"/>
</engineerTo>
<useDomainConstraints>false</useDomainConstraints>
<use>1</use>
<logicalDatatype>LOGDT024</logicalDatatype>
<dataTypeSize>50</dataTypeSize>
<ownDataTypeParameters>50,,</ownDataTypeParameters>
</Attribute>
<Attribute name="vet_family_name" id="E8FC5E0E-A291-A927-2012-2933697AC038">
<createdBy>nadeem</createdBy>
<createdTime>2021-04-27 22:46:45 UTC</createdTime>
<commentInRDBMS><![CDATA[vet family name]]></commentInRDBMS>
<ownerDesignName>ad_oraclemodel</ownerDesignName>
<engineerTo>
<item key="6602CB52-8866-7E96-48EF-D491A185E41F" value="true"/>
</engineerTo>
<useDomainConstraints>false</useDomainConstraints>
<use>1</use>
<logicalDatatype>LOGDT024</logicalDatatype>
<dataTypeSize>50</dataTypeSize>
<ownDataTypeParameters>50,,</ownDataTypeParameters>
</Attribute>
<Attribute name="vet_phone_number" id="7955959D-7334-F213-5823-EEF7CF1EB7AA">
<createdBy>nadeem</createdBy>
<createdTime>2021-04-27 22:46:45 UTC</createdTime>
<commentInRDBMS><![CDATA[vet phone number]]></commentInRDBMS>
<ownerDesignName>ad_oraclemodel</ownerDesignName>
<engineerTo>
<item key="6602CB52-8866-7E96-48EF-D491A185E41F" value="true"/>
</engineerTo>
<nullsAllowed>true</nullsAllowed>
<useDomainConstraints>false</useDomainConstraints>
<use>1</use>
<logicalDatatype>LOGDT025</logicalDatatype>
<dataTypeSize>10</dataTypeSize>
<ownDataTypeParameters>10,,</ownDataTypeParameters>
</Attribute>
<Attribute name="vet_first_employ_date" id="CDEC2D18-D8E9-440F-F54B-8B5EB1C957FA">
<createdBy>nadeem</createdBy>
<createdTime>2021-04-27 22:46:45 UTC</createdTime>
<commentInRDBMS><![CDATA[vet first employment date]]></commentInRDBMS>
<ownerDesignName>ad_oraclemodel</ownerDesignName>
<engineerTo>
<item key="6602CB52-8866-7E96-48EF-D491A185E41F" value="true"/>
</engineerTo>
<useDomainConstraints>false</useDomainConstraints>
<use>1</use>
<logicalDatatype>LOGDT007</logicalDatatype>
<ownDataTypeParameters>,,</ownDataTypeParameters>
</Attribute>
<Attribute name="specialisation_id" id="5983A62D-A9EB-08AE-AF46-C47BADBFD130">
<createdBy>nadeem</createdBy>
<createdTime>2021-04-28 02:03:07 UTC</createdTime>
<commentInRDBMS><![CDATA[specialisation id]]></commentInRDBMS>
<generatorID>EF76F857-D52E-86CD-566C-FF5250B02F8B</generatorID>
<ownerDesignName>ad_oraclemodel</ownerDesignName>
<engineerTo>
<item key="6602CB52-8866-7E96-48EF-D491A185E41F" value="true"/>
</engineerTo>
<nullsAllowed>true</nullsAllowed>
<referedAttribute>93BE5044-A63A-FA95-BF18-58FD75AB3AE3</referedAttribute>
<useDomainConstraints>false</useDomainConstraints>
<use>1</use>
<logicalDatatype>LOGDT019</logicalDatatype>
<dataTypePrecision>7</dataTypePrecision>
<ownDataTypeParameters>,,</ownDataTypeParameters>
</Attribute>
<Attribute name="vet_foreign_visit_count" id="8F9FA4D5-E8AB-6AAB-5239-4877342F30A7">
<createdBy>nadeem</createdBy>
<createdTime>2021-04-28 06:27:01 UTC</createdTime>
<commentInRDBMS><![CDATA[count of foreign visits]]></commentInRDBMS>
<ownerDesignName>ad_oraclemodel</ownerDesignName>
<engineerTo>
<item key="6602CB52-8866-7E96-48EF-D491A185E41F" value="true"/>
</engineerTo>
<nullsAllowed>true</nullsAllowed>
<useDomainConstraints>false</useDomainConstraints>
<use>1</use>
<logicalDatatype>LOGDT019</logicalDatatype>
<dataTypePrecision>7</dataTypePrecision>
<ownDataTypeParameters>,7,</ownDataTypeParameters>
</Attribute>
</attributes>
<identifiers itemClass="oracle.dbtools.crest.model.design.logical.CandidateKey">
<identifier id="AE070D35-B5C8-D5DC-0090-BBFBC160E804" name="VET PK">
<createdBy>nadeem</createdBy>
<createdTime>2021-04-27 22:47:07 UTC</createdTime>
<ownerDesignName>ad_oraclemodel</ownerDesignName>
<engineerTo>
<item key="6602CB52-8866-7E96-48EF-D491A185E41F" value="true"/>
</engineerTo>
<pk>true</pk>
<usedAttributes>
<attributeRef>624AF373-8407-B94D-9956-9FAE7416F00D</attributeRef>
</usedAttributes>
</identifier>
</identifiers>
</Entity>
