<?xml version = '1.0' encoding = 'UTF-8'?>
<Entity class="oracle.dbtools.crest.model.design.logical.Entity" directorySegmentName="seg_0" id="7DFA9618-E45A-6F53-6A17-2A099A8D5167" name="SPECIALISATION">
<createdBy>nadeem</createdBy>
<createdTime>2021-04-28 02:00:21 UTC</createdTime>
<ownerDesignName>ad_oraclemodel</ownerDesignName>
<engineerTo>
<item key="5646BAAB-4ABE-4E20-62C4-04BAFBB5CDD4" value="true"/>
</engineerTo>
<adequatelyNormalized>NO</adequatelyNormalized>
<expectedVolumes>0</expectedVolumes>
<fwdEngineeringStrategyName>Single Table</fwdEngineeringStrategyName>
<growthPercent>0</growthPercent>
<growthType>Year</growthType>
<maxVolumes>9999999</maxVolumes>
<minVolumes>0</minVolumes>
<normalForm>Third</normalForm>
<attributes itemClass="oracle.dbtools.crest.model.design.logical.Attribute">
<Attribute name="specialisation_id" id="93BE5044-A63A-FA95-BF18-58FD75AB3AE3">
<createdBy>nadeem</createdBy>
<createdTime>2021-04-28 02:00:36 UTC</createdTime>
<commentInRDBMS><![CDATA[specialisation id]]></commentInRDBMS>
<ownerDesignName>ad_oraclemodel</ownerDesignName>
<engineerTo>
<item key="5646BAAB-4ABE-4E20-62C4-04BAFBB5CDD4" value="true"/>
</engineerTo>
<useDomainConstraints>false</useDomainConstraints>
<use>1</use>
<logicalDatatype>LOGDT019</logicalDatatype>
<dataTypePrecision>7</dataTypePrecision>
<ownDataTypeParameters>,7,</ownDataTypeParameters>
</Attribute>
<Attribute name="specialisation_name" id="8E40061A-1575-05D0-3093-06E98749BC74">
<createdBy>nadeem</createdBy>
<createdTime>2021-04-28 02:01:05 UTC</createdTime>
<commentInRDBMS><![CDATA[specialisation name]]></commentInRDBMS>
<ownerDesignName>ad_oraclemodel</ownerDesignName>
<engineerTo>
<item key="5646BAAB-4ABE-4E20-62C4-04BAFBB5CDD4" value="true"/>
</engineerTo>
<useDomainConstraints>false</useDomainConstraints>
<use>1</use>
<logicalDatatype>LOGDT024</logicalDatatype>
<dataTypeSize>50</dataTypeSize>
<ownDataTypeParameters>50,,</ownDataTypeParameters>
</Attribute>
</attributes>
<identifiers itemClass="oracle.dbtools.crest.model.design.logical.CandidateKey">
<identifier id="0520D776-EA37-9EC4-6D6C-9E831AD4BD8A" name="SPECIALISATION PK">
<createdBy>nadeem</createdBy>
<createdTime>2021-04-28 02:00:54 UTC</createdTime>
<ownerDesignName>ad_oraclemodel</ownerDesignName>
<engineerTo>
<item key="5646BAAB-4ABE-4E20-62C4-04BAFBB5CDD4" value="true"/>
</engineerTo>
<pk>true</pk>
<usedAttributes>
<attributeRef>93BE5044-A63A-FA95-BF18-58FD75AB3AE3</attributeRef>
</usedAttributes>
</identifier>
<identifier id="186C1CE0-3BCA-B56C-2D51-414670CC9AAE" name="UN_SPECIALISATION_NAME">
<createdBy>nadeem</createdBy>
<createdTime>2021-04-28 03:58:32 UTC</createdTime>
<ownerDesignName>ad_oraclemodel</ownerDesignName>
<engineerTo>
<item key="5646BAAB-4ABE-4E20-62C4-04BAFBB5CDD4" value="true"/>
</engineerTo>
<newElementsIDs>8E40061A-1575-05D0-3093-06E98749BC74</newElementsIDs>
<usedAttributes>
<attributeRef>8E40061A-1575-05D0-3093-06E98749BC74</attributeRef>
</usedAttributes>
</identifier>
</identifiers>
</Entity>
