<?xml version = '1.0' encoding = 'UTF-8'?>
<Entity class="oracle.dbtools.crest.model.design.logical.Entity" directorySegmentName="seg_0" id="877AF836-41EA-108E-E720-C9BCF4B918A0" name="CLINIC">
<createdBy>nadeem</createdBy>
<createdTime>2021-04-27 22:44:28 UTC</createdTime>
<ownerDesignName>ad_oraclemodel</ownerDesignName>
<engineerTo>
<item key="5646BAAB-4ABE-4E20-62C4-04BAFBB5CDD4" value="true"/>
</engineerTo>
<adequatelyNormalized>NO</adequatelyNormalized>
<expectedVolumes>0</expectedVolumes>
<fwdEngineeringStrategyName>Single Table</fwdEngineeringStrategyName>
<growthPercent>0</growthPercent>
<growthType>Year</growthType>
<maxVolumes>9999999</maxVolumes>
<minVolumes>0</minVolumes>
<normalForm>Third</normalForm>
<attributes itemClass="oracle.dbtools.crest.model.design.logical.Attribute">
<Attribute name="clinic_id" id="6952ECB8-7E93-1CEB-9B8C-F9C1EDAD773E">
<createdBy>nadeem</createdBy>
<createdTime>2021-04-27 22:44:34 UTC</createdTime>
<commentInRDBMS><![CDATA[clinic id]]></commentInRDBMS>
<ownerDesignName>ad_oraclemodel</ownerDesignName>
<engineerTo>
<item key="5646BAAB-4ABE-4E20-62C4-04BAFBB5CDD4" value="true"/>
</engineerTo>
<useDomainConstraints>false</useDomainConstraints>
<use>1</use>
<logicalDatatype>LOGDT019</logicalDatatype>
<dataTypePrecision>7</dataTypePrecision>
<ownDataTypeParameters>,7,</ownDataTypeParameters>
</Attribute>
<Attribute name="clinic_name" id="C0824FC6-FB2D-1AF8-E0C9-02315E226F96">
<createdBy>nadeem</createdBy>
<createdTime>2021-04-27 22:44:34 UTC</createdTime>
<commentInRDBMS><![CDATA[clinic name]]></commentInRDBMS>
<ownerDesignName>ad_oraclemodel</ownerDesignName>
<engineerTo>
<item key="5646BAAB-4ABE-4E20-62C4-04BAFBB5CDD4" value="true"/>
</engineerTo>
<useDomainConstraints>false</useDomainConstraints>
<use>1</use>
<logicalDatatype>LOGDT024</logicalDatatype>
<dataTypeSize>50</dataTypeSize>
<ownDataTypeParameters>50,,</ownDataTypeParameters>
</Attribute>
<Attribute name="clinic_address" id="26BD6E1F-A184-6B63-9DF7-3C5C1E7FA588">
<createdBy>nadeem</createdBy>
<createdTime>2021-04-27 22:44:34 UTC</createdTime>
<commentInRDBMS><![CDATA[clinic address]]></commentInRDBMS>
<ownerDesignName>ad_oraclemodel</ownerDesignName>
<engineerTo>
<item key="5646BAAB-4ABE-4E20-62C4-04BAFBB5CDD4" value="true"/>
</engineerTo>
<useDomainConstraints>false</useDomainConstraints>
<use>1</use>
<logicalDatatype>LOGDT024</logicalDatatype>
<dataTypeSize>200</dataTypeSize>
<ownDataTypeParameters>200,,</ownDataTypeParameters>
</Attribute>
<Attribute name="clinic_phone_number" id="EEB345B9-0BCF-BB6A-BFCA-BECF7F3928F3">
<createdBy>nadeem</createdBy>
<createdTime>2021-04-27 22:44:35 UTC</createdTime>
<commentInRDBMS><![CDATA[clinic phone number]]></commentInRDBMS>
<ownerDesignName>ad_oraclemodel</ownerDesignName>
<engineerTo>
<item key="5646BAAB-4ABE-4E20-62C4-04BAFBB5CDD4" value="true"/>
</engineerTo>
<nullsAllowed>true</nullsAllowed>
<useDomainConstraints>false</useDomainConstraints>
<use>1</use>
<logicalDatatype>LOGDT025</logicalDatatype>
<dataTypeSize>10</dataTypeSize>
<ownDataTypeParameters>10,,</ownDataTypeParameters>
</Attribute>
</attributes>
<identifiers itemClass="oracle.dbtools.crest.model.design.logical.CandidateKey">
<identifier id="83F002E5-0B6F-513E-47D9-4FE9E30ED44C" name="CLINIC PK">
<createdBy>nadeem</createdBy>
<createdTime>2021-04-27 22:44:46 UTC</createdTime>
<ownerDesignName>ad_oraclemodel</ownerDesignName>
<engineerTo>
<item key="5646BAAB-4ABE-4E20-62C4-04BAFBB5CDD4" value="true"/>
</engineerTo>
<pk>true</pk>
<usedAttributes>
<attributeRef>6952ECB8-7E93-1CEB-9B8C-F9C1EDAD773E</attributeRef>
</usedAttributes>
</identifier>
</identifiers>
</Entity>
