<?xml version = '1.0' encoding = 'UTF-8'?>
<Entity class="oracle.dbtools.crest.model.design.logical.Entity" directorySegmentName="seg_0" id="93D2F476-450A-85A2-7EBB-15FEF4D66D2A" name="OWNERSHIP_REC">
<createdBy>nadeem</createdBy>
<createdTime>2021-04-27 23:02:55 UTC</createdTime>
<ownerDesignName>ad_oraclemodel</ownerDesignName>
<engineerTo>
<item key="38B70020-745F-CFB6-DB08-03A47FAC6DCC" value="true"/>
</engineerTo>
<adequatelyNormalized>NO</adequatelyNormalized>
<expectedVolumes>0</expectedVolumes>
<fwdEngineeringStrategyName>Single Table</fwdEngineeringStrategyName>
<growthPercent>0</growthPercent>
<growthType>Year</growthType>
<maxVolumes>9999999</maxVolumes>
<minVolumes>0</minVolumes>
<normalForm>Third</normalForm>
<attributes itemClass="oracle.dbtools.crest.model.design.logical.Attribute">
<Attribute name="ownership_rec_id" id="8DB1B9A1-2934-FEF7-296D-38A2C685808A">
<createdBy>nadeem</createdBy>
<createdTime>2021-04-28 03:32:34 UTC</createdTime>
<commentInRDBMS><![CDATA[surrogate key]]></commentInRDBMS>
<ownerDesignName>ad_oraclemodel</ownerDesignName>
<engineerTo>
<item key="38B70020-745F-CFB6-DB08-03A47FAC6DCC" value="true"/>
</engineerTo>
<useDomainConstraints>false</useDomainConstraints>
<use>1</use>
<logicalDatatype>LOGDT019</logicalDatatype>
<dataTypePrecision>7</dataTypePrecision>
<ownDataTypeParameters>,7,</ownDataTypeParameters>
</Attribute>
<Attribute name="owner_id" id="15495403-97D6-C1A7-A707-049EF9C91D35">
<createdBy>nadeem</createdBy>
<createdTime>2021-04-28 01:30:40 UTC</createdTime>
<commentInRDBMS><![CDATA[owner id number]]></commentInRDBMS>
<generatorID>1B2D8F72-53A1-7CEF-76D8-A3958D094795</generatorID>
<ownerDesignName>ad_oraclemodel</ownerDesignName>
<engineerTo>
<item key="38B70020-745F-CFB6-DB08-03A47FAC6DCC" value="true"/>
</engineerTo>
<referedAttribute>04BEAF63-31B8-69B0-61CD-F7E308557AEF</referedAttribute>
<useDomainConstraints>false</useDomainConstraints>
<use>1</use>
<logicalDatatype>LOGDT019</logicalDatatype>
<dataTypePrecision>7</dataTypePrecision>
<ownDataTypeParameters>,,</ownDataTypeParameters>
</Attribute>
<Attribute name="animal_id" id="C48C4107-B18B-D3DA-A8CF-C27A0609447E">
<createdBy>nadeem</createdBy>
<createdTime>2021-04-28 02:51:20 UTC</createdTime>
<commentInRDBMS><![CDATA[animal id]]></commentInRDBMS>
<generatorID>12114F59-4A9B-DE12-AFD4-60EA18400D52</generatorID>
<ownerDesignName>ad_oraclemodel</ownerDesignName>
<engineerTo>
<item key="38B70020-745F-CFB6-DB08-03A47FAC6DCC" value="true"/>
</engineerTo>
<referedAttribute>DE3525EE-733A-9F94-E9E1-3E69B52BB12E</referedAttribute>
<useDomainConstraints>false</useDomainConstraints>
<use>1</use>
<logicalDatatype>LOGDT019</logicalDatatype>
<dataTypePrecision>7</dataTypePrecision>
<ownDataTypeParameters>,7,</ownDataTypeParameters>
</Attribute>
</attributes>
<identifiers itemClass="oracle.dbtools.crest.model.design.logical.CandidateKey">
<identifier id="E33B06B9-6FE0-E676-9CFA-4DDC3241381C" name="OWNERSHIP_REC PK">
<createdBy>nadeem</createdBy>
<createdTime>2021-04-28 03:43:20 UTC</createdTime>
<ownerDesignName>ad_oraclemodel</ownerDesignName>
<engineerTo>
<item key="38B70020-745F-CFB6-DB08-03A47FAC6DCC" value="true"/>
</engineerTo>
<pk>true</pk>
<usedAttributes>
<attributeRef>8DB1B9A1-2934-FEF7-296D-38A2C685808A</attributeRef>
</usedAttributes>
</identifier>
<identifier id="3D019D57-DAC3-5384-8405-F2074E2150F0" name="OWNERSHIP_REC NK">
<createdBy>nadeem</createdBy>
<createdTime>2021-04-28 03:43:34 UTC</createdTime>
<ownerDesignName>ad_oraclemodel</ownerDesignName>
<engineerTo>
<item key="38B70020-745F-CFB6-DB08-03A47FAC6DCC" value="true"/>
</engineerTo>
<newElementsIDs>12114F59-4A9B-DE12-AFD4-60EA18400D52,1B2D8F72-53A1-7CEF-76D8-A3958D094795</newElementsIDs>
<usedAttributes>
<attributeRef>C48C4107-B18B-D3DA-A8CF-C27A0609447E</attributeRef>
<attributeRef>15495403-97D6-C1A7-A707-049EF9C91D35</attributeRef>
</usedAttributes>
</identifier>
</identifiers>
</Entity>
