<?xml version = '1.0' encoding = 'UTF-8'?>
<Entity class="oracle.dbtools.crest.model.design.logical.Entity" directorySegmentName="seg_0" id="A2B95F07-60D9-F156-3738-EC8AC434E044" name="INVOICE">
<createdBy>nadeem</createdBy>
<createdTime>2021-04-27 23:07:26 UTC</createdTime>
<ownerDesignName>ad_oraclemodel</ownerDesignName>
<engineerTo>
<item key="38B70020-745F-CFB6-DB08-03A47FAC6DCC" value="true"/>
</engineerTo>
<adequatelyNormalized>NO</adequatelyNormalized>
<expectedVolumes>0</expectedVolumes>
<fwdEngineeringStrategyName>Single Table</fwdEngineeringStrategyName>
<growthPercent>0</growthPercent>
<growthType>Year</growthType>
<maxVolumes>9999999</maxVolumes>
<minVolumes>0</minVolumes>
<normalForm>Third</normalForm>
<attributes itemClass="oracle.dbtools.crest.model.design.logical.Attribute">
<Attribute name="invoice_date" id="29BAD570-F226-3CE7-B422-55957C19EF09">
<createdBy>nadeem</createdBy>
<createdTime>2021-04-27 23:07:37 UTC</createdTime>
<commentInRDBMS><![CDATA[invoice date]]></commentInRDBMS>
<ownerDesignName>ad_oraclemodel</ownerDesignName>
<engineerTo>
<item key="38B70020-745F-CFB6-DB08-03A47FAC6DCC" value="true"/>
</engineerTo>
<useDomainConstraints>false</useDomainConstraints>
<use>1</use>
<logicalDatatype>LOGDT007</logicalDatatype>
<ownDataTypeParameters>,,</ownDataTypeParameters>
</Attribute>
<Attribute name="animal_id" id="3DDA145C-17F4-74EB-8BCF-26919D6634D1">
<createdBy>nadeem</createdBy>
<createdTime>2021-04-28 02:43:01 UTC</createdTime>
<commentInRDBMS><![CDATA[animal id]]></commentInRDBMS>
<generatorID>132CAF2A-39EB-06FA-53AD-ED8DE7F65ABD</generatorID>
<ownerDesignName>ad_oraclemodel</ownerDesignName>
<engineerTo>
<item key="38B70020-745F-CFB6-DB08-03A47FAC6DCC" value="true"/>
</engineerTo>
<referedAttribute>DE3525EE-733A-9F94-E9E1-3E69B52BB12E</referedAttribute>
<useDomainConstraints>false</useDomainConstraints>
<use>1</use>
<logicalDatatype>LOGDT019</logicalDatatype>
<dataTypePrecision>7</dataTypePrecision>
<ownDataTypeParameters>,,</ownDataTypeParameters>
</Attribute>
<Attribute name="invoice_total_due" id="702625D9-A0DC-5518-DAA6-DC3370F06062">
<createdBy>nadeem</createdBy>
<createdTime>2021-04-27 23:07:39 UTC</createdTime>
<commentInRDBMS><![CDATA[invoice total due]]></commentInRDBMS>
<ownerDesignName>ad_oraclemodel</ownerDesignName>
<engineerTo>
<item key="38B70020-745F-CFB6-DB08-03A47FAC6DCC" value="true"/>
</engineerTo>
<useDomainConstraints>false</useDomainConstraints>
<use>1</use>
<logicalDatatype>LOGDT019</logicalDatatype>
<dataTypePrecision>7</dataTypePrecision>
<dataTypeScale>2</dataTypeScale>
<ownDataTypeParameters>,7,2</ownDataTypeParameters>
</Attribute>
<Attribute name="invoice_pay_method" id="4030174D-A039-3856-241E-6D724CE99E44">
<createdBy>nadeem</createdBy>
<createdTime>2021-04-27 23:07:39 UTC</createdTime>
<commentInRDBMS><![CDATA[invoice payment method]]></commentInRDBMS>
<ownerDesignName>ad_oraclemodel</ownerDesignName>
<engineerTo>
<item key="38B70020-745F-CFB6-DB08-03A47FAC6DCC" value="true"/>
</engineerTo>
<useDomainConstraints>false</useDomainConstraints>
<use>1</use>
<logicalDatatype>LOGDT024</logicalDatatype>
<dataTypeSize>20</dataTypeSize>
<ownDataTypeParameters>20,,</ownDataTypeParameters>
</Attribute>
<Attribute name="vet_id" id="1AB84B0B-EC8F-88BA-B505-72E4C618C6C1">
<createdBy>nadeem</createdBy>
<createdTime>2021-04-28 02:59:31 UTC</createdTime>
<commentInRDBMS><![CDATA[vet id]]></commentInRDBMS>
<generatorID>7E516E49-ABA7-1A2E-4292-F978DB2963E6</generatorID>
<ownerDesignName>ad_oraclemodel</ownerDesignName>
<engineerTo>
<item key="38B70020-745F-CFB6-DB08-03A47FAC6DCC" value="true"/>
</engineerTo>
<referedAttribute>624AF373-8407-B94D-9956-9FAE7416F00D</referedAttribute>
<useDomainConstraints>false</useDomainConstraints>
<use>1</use>
<logicalDatatype>LOGDT019</logicalDatatype>
<dataTypePrecision>7</dataTypePrecision>
<ownDataTypeParameters>,,</ownDataTypeParameters>
</Attribute>
</attributes>
<identifiers itemClass="oracle.dbtools.crest.model.design.logical.CandidateKey">
<identifier id="0339FBBA-76AD-D5F3-275B-D412F6FEECF4" name="INVOICE PK">
<createdBy>nadeem</createdBy>
<createdTime>2021-04-28 06:03:28 UTC</createdTime>
<ownerDesignName>ad_oraclemodel</ownerDesignName>
<engineerTo>
<item key="38B70020-745F-CFB6-DB08-03A47FAC6DCC" value="true"/>
</engineerTo>
<pk>true</pk>
<usedAttributes>
<attributeRef>3DDA145C-17F4-74EB-8BCF-26919D6634D1</attributeRef>
<attributeRef>29BAD570-F226-3CE7-B422-55957C19EF09</attributeRef>
</usedAttributes>
</identifier>
</identifiers>
</Entity>
