<?xml version = '1.0' encoding = 'UTF-8'?>
<Entity class="oracle.dbtools.crest.model.design.logical.Entity" directorySegmentName="seg_0" id="D617D4A8-8220-E2BA-1277-DF309D4979F4" name="ANIMAL_TYPE">
<createdBy>nadeem</createdBy>
<createdTime>2021-04-28 02:05:10 UTC</createdTime>
<ownerDesignName>ad_oraclemodel</ownerDesignName>
<engineerTo>
<item key="5646BAAB-4ABE-4E20-62C4-04BAFBB5CDD4" value="true"/>
</engineerTo>
<adequatelyNormalized>NO</adequatelyNormalized>
<expectedVolumes>0</expectedVolumes>
<fwdEngineeringStrategyName>Single Table</fwdEngineeringStrategyName>
<growthPercent>0</growthPercent>
<growthType>Year</growthType>
<maxVolumes>9999999</maxVolumes>
<minVolumes>0</minVolumes>
<normalForm>Third</normalForm>
<attributes itemClass="oracle.dbtools.crest.model.design.logical.Attribute">
<Attribute name="animal_type_id" id="4EA56594-A2DF-B382-4C35-382D21716F0A">
<createdBy>nadeem</createdBy>
<createdTime>2021-04-28 02:05:22 UTC</createdTime>
<commentInRDBMS><![CDATA[animal type id]]></commentInRDBMS>
<ownerDesignName>ad_oraclemodel</ownerDesignName>
<engineerTo>
<item key="5646BAAB-4ABE-4E20-62C4-04BAFBB5CDD4" value="true"/>
</engineerTo>
<useDomainConstraints>false</useDomainConstraints>
<use>1</use>
<logicalDatatype>LOGDT019</logicalDatatype>
<dataTypePrecision>7</dataTypePrecision>
<ownDataTypeParameters>,7,</ownDataTypeParameters>
</Attribute>
<Attribute name="animal_type_name" id="8F6C1C59-1F91-0FE7-38F6-E133CA439C0B">
<createdBy>nadeem</createdBy>
<createdTime>2021-04-28 02:05:44 UTC</createdTime>
<commentInRDBMS><![CDATA[animal type name]]></commentInRDBMS>
<ownerDesignName>ad_oraclemodel</ownerDesignName>
<engineerTo>
<item key="5646BAAB-4ABE-4E20-62C4-04BAFBB5CDD4" value="true"/>
</engineerTo>
<useDomainConstraints>false</useDomainConstraints>
<use>1</use>
<logicalDatatype>LOGDT024</logicalDatatype>
<dataTypeSize>50</dataTypeSize>
<ownDataTypeParameters>50,,</ownDataTypeParameters>
</Attribute>
</attributes>
<identifiers itemClass="oracle.dbtools.crest.model.design.logical.CandidateKey">
<identifier id="D8A6B4C9-AE24-5CE0-705E-B06185487089" name="ANIMAL_TYPE PK">
<createdBy>nadeem</createdBy>
<createdTime>2021-04-28 02:05:36 UTC</createdTime>
<ownerDesignName>ad_oraclemodel</ownerDesignName>
<engineerTo>
<item key="5646BAAB-4ABE-4E20-62C4-04BAFBB5CDD4" value="true"/>
</engineerTo>
<pk>true</pk>
<usedAttributes>
<attributeRef>4EA56594-A2DF-B382-4C35-382D21716F0A</attributeRef>
</usedAttributes>
</identifier>
<identifier id="3631DD79-72BA-AB0F-D5C0-0FE33384A58F" name="UN_ANIMAL_TYPE_NAME">
<createdBy>nadeem</createdBy>
<createdTime>2021-04-28 03:58:09 UTC</createdTime>
<ownerDesignName>ad_oraclemodel</ownerDesignName>
<engineerTo>
<item key="5646BAAB-4ABE-4E20-62C4-04BAFBB5CDD4" value="true"/>
</engineerTo>
<newElementsIDs>8F6C1C59-1F91-0FE7-38F6-E133CA439C0B</newElementsIDs>
<usedAttributes>
<attributeRef>8F6C1C59-1F91-0FE7-38F6-E133CA439C0B</attributeRef>
</usedAttributes>
</identifier>
</identifiers>
</Entity>
