<?xml version = '1.0' encoding = 'UTF-8'?>
<Entity class="oracle.dbtools.crest.model.design.logical.Entity" directorySegmentName="seg_0" id="F5C2EA70-B859-C3A7-C831-1F3A33C6BA36" name="PRESCRIPTION">
<createdBy>nadeem</createdBy>
<createdTime>2021-04-27 22:50:35 UTC</createdTime>
<ownerDesignName>ad_oraclemodel</ownerDesignName>
<engineerTo>
<item key="38B70020-745F-CFB6-DB08-03A47FAC6DCC" value="true"/>
</engineerTo>
<adequatelyNormalized>NO</adequatelyNormalized>
<expectedVolumes>0</expectedVolumes>
<fwdEngineeringStrategyName>Single Table</fwdEngineeringStrategyName>
<growthPercent>0</growthPercent>
<growthType>Year</growthType>
<maxVolumes>9999999</maxVolumes>
<minVolumes>0</minVolumes>
<normalForm>Third</normalForm>
<attributes itemClass="oracle.dbtools.crest.model.design.logical.Attribute">
<Attribute name="prescription_id" id="43766CDC-0C52-6A44-F81E-DA704CCA9975">
<createdBy>nadeem</createdBy>
<createdTime>2021-04-28 03:49:45 UTC</createdTime>
<commentInRDBMS><![CDATA[surrogate key]]></commentInRDBMS>
<ownerDesignName>ad_oraclemodel</ownerDesignName>
<engineerTo>
<item key="38B70020-745F-CFB6-DB08-03A47FAC6DCC" value="true"/>
</engineerTo>
<useDomainConstraints>false</useDomainConstraints>
<use>1</use>
<logicalDatatype>LOGDT019</logicalDatatype>
<dataTypePrecision>7</dataTypePrecision>
<ownDataTypeParameters>,7,</ownDataTypeParameters>
</Attribute>
<Attribute name="drug_id" id="6DB3380D-1C27-18E6-82E0-24DC8FC4074E">
<createdBy>nadeem</createdBy>
<createdTime>2021-04-28 01:18:59 UTC</createdTime>
<commentInRDBMS><![CDATA[drug id]]></commentInRDBMS>
<generatorID>DC8BF4C2-7FFD-B85E-F62E-A56A417B83C6</generatorID>
<ownerDesignName>ad_oraclemodel</ownerDesignName>
<engineerTo>
<item key="38B70020-745F-CFB6-DB08-03A47FAC6DCC" value="true"/>
</engineerTo>
<referedAttribute>7C2011C2-F062-C346-E5F1-43B6FC5FCF71</referedAttribute>
<useDomainConstraints>false</useDomainConstraints>
<use>1</use>
<logicalDatatype>LOGDT019</logicalDatatype>
<dataTypePrecision>7</dataTypePrecision>
<ownDataTypeParameters>,,</ownDataTypeParameters>
</Attribute>
<Attribute name="visit_date" id="C6EE483F-AFF7-8BD6-5DC9-23C1B5CE9E01">
<createdBy>nadeem</createdBy>
<createdTime>2021-04-28 02:56:53 UTC</createdTime>
<commentInRDBMS><![CDATA[visit date]]></commentInRDBMS>
<generatorID>3A8671C3-7099-6CD1-442A-5643AC6FE216</generatorID>
<ownerDesignName>ad_oraclemodel</ownerDesignName>
<engineerTo>
<item key="38B70020-745F-CFB6-DB08-03A47FAC6DCC" value="true"/>
</engineerTo>
<referedAttribute>011036E6-A98E-F68E-AF49-E46674524B1A</referedAttribute>
<useDomainConstraints>false</useDomainConstraints>
<use>1</use>
<logicalDatatype>LOGDT007</logicalDatatype>
<ownDataTypeParameters>,,</ownDataTypeParameters>
</Attribute>
<Attribute name="animal_id" id="100990FF-69B3-BCEB-7C70-B5EB8E7EB748">
<createdBy>nadeem</createdBy>
<createdTime>2021-04-28 02:56:53 UTC</createdTime>
<commentInRDBMS><![CDATA[animal id]]></commentInRDBMS>
<generatorID>3A8671C3-7099-6CD1-442A-5643AC6FE216</generatorID>
<ownerDesignName>ad_oraclemodel</ownerDesignName>
<engineerTo>
<item key="38B70020-745F-CFB6-DB08-03A47FAC6DCC" value="true"/>
</engineerTo>
<referedAttribute>88A7A08A-C265-FDE1-4D6E-FBA5604312A0</referedAttribute>
<useDomainConstraints>false</useDomainConstraints>
<use>1</use>
<logicalDatatype>LOGDT019</logicalDatatype>
<dataTypePrecision>7</dataTypePrecision>
<ownDataTypeParameters>,,</ownDataTypeParameters>
</Attribute>
<Attribute name="prescription_drug_dose" id="7465F30C-E56C-7754-FE82-3A79DC56BA25">
<createdBy>nadeem</createdBy>
<createdTime>2021-04-27 22:53:16 UTC</createdTime>
<commentInRDBMS><![CDATA[prescription drug dose]]></commentInRDBMS>
<ownerDesignName>ad_oraclemodel</ownerDesignName>
<engineerTo>
<item key="38B70020-745F-CFB6-DB08-03A47FAC6DCC" value="true"/>
</engineerTo>
<useDomainConstraints>false</useDomainConstraints>
<use>1</use>
<logicalDatatype>LOGDT024</logicalDatatype>
<dataTypeSize>100</dataTypeSize>
<ownDataTypeParameters>100,,</ownDataTypeParameters>
</Attribute>
<Attribute name="prescription_drug_freq" id="595C2339-D545-F8E1-D520-2085E3E8F128">
<createdBy>nadeem</createdBy>
<createdTime>2021-04-27 22:53:16 UTC</createdTime>
<commentInRDBMS><![CDATA[prescription drug frequency of adminstration]]></commentInRDBMS>
<ownerDesignName>ad_oraclemodel</ownerDesignName>
<engineerTo>
<item key="38B70020-745F-CFB6-DB08-03A47FAC6DCC" value="true"/>
</engineerTo>
<useDomainConstraints>false</useDomainConstraints>
<use>1</use>
<logicalDatatype>LOGDT024</logicalDatatype>
<dataTypeSize>100</dataTypeSize>
<ownDataTypeParameters>100,,</ownDataTypeParameters>
</Attribute>
</attributes>
<identifiers itemClass="oracle.dbtools.crest.model.design.logical.CandidateKey">
<identifier id="F9F2726B-60C0-073B-AA67-917F50A0FDA7" name="PRESCRIPTION PK">
<createdBy>nadeem</createdBy>
<createdTime>2021-04-28 03:50:24 UTC</createdTime>
<ownerDesignName>ad_oraclemodel</ownerDesignName>
<engineerTo>
<item key="38B70020-745F-CFB6-DB08-03A47FAC6DCC" value="true"/>
</engineerTo>
<pk>true</pk>
<usedAttributes>
<attributeRef>43766CDC-0C52-6A44-F81E-DA704CCA9975</attributeRef>
</usedAttributes>
</identifier>
<identifier id="C24D973C-410B-00E1-5FDB-F6936CE4D912" name="PRESCRIPTION NK">
<createdBy>nadeem</createdBy>
<createdTime>2021-04-28 03:50:30 UTC</createdTime>
<ownerDesignName>ad_oraclemodel</ownerDesignName>
<engineerTo>
<item key="38B70020-745F-CFB6-DB08-03A47FAC6DCC" value="true"/>
</engineerTo>
<newElementsIDs>DC8BF4C2-7FFD-B85E-F62E-A56A417B83C6,3A8671C3-7099-6CD1-442A-5643AC6FE216</newElementsIDs>
<usedAttributes>
<attributeRef>6DB3380D-1C27-18E6-82E0-24DC8FC4074E</attributeRef>
<attributeRef>C6EE483F-AFF7-8BD6-5DC9-23C1B5CE9E01</attributeRef>
<attributeRef>100990FF-69B3-BCEB-7C70-B5EB8E7EB748</attributeRef>
</usedAttributes>
</identifier>
</identifiers>
</Entity>
