<?xml version = '1.0' encoding = 'UTF-8'?>
<Entity class="oracle.dbtools.crest.model.design.logical.Entity" directorySegmentName="seg_0" id="F617F60A-3DBD-2B31-807F-4F8C2EC1653F" name="DRUG_REC">
<createdBy>nadeem</createdBy>
<createdTime>2021-04-27 23:16:34 UTC</createdTime>
<ownerDesignName>ad_oraclemodel</ownerDesignName>
<engineerTo>
<item key="38B70020-745F-CFB6-DB08-03A47FAC6DCC" value="true"/>
</engineerTo>
<adequatelyNormalized>NO</adequatelyNormalized>
<expectedVolumes>0</expectedVolumes>
<fwdEngineeringStrategyName>Single Table</fwdEngineeringStrategyName>
<growthPercent>0</growthPercent>
<growthType>Year</growthType>
<maxVolumes>9999999</maxVolumes>
<minVolumes>0</minVolumes>
<normalForm>Third</normalForm>
<attributes itemClass="oracle.dbtools.crest.model.design.logical.Attribute">
<Attribute name="animal_id" id="686918C0-ED31-30B0-7464-D0E4F8E52780">
<createdBy>nadeem</createdBy>
<createdTime>2021-04-28 06:19:31 UTC</createdTime>
<commentInRDBMS><![CDATA[animal id]]></commentInRDBMS>
<generatorID>759AD1A5-6F98-492B-72C5-04093ED616B2</generatorID>
<ownerDesignName>ad_oraclemodel</ownerDesignName>
<engineerTo>
<item key="38B70020-745F-CFB6-DB08-03A47FAC6DCC" value="true"/>
</engineerTo>
<referedAttribute>3DDA145C-17F4-74EB-8BCF-26919D6634D1</referedAttribute>
<useDomainConstraints>false</useDomainConstraints>
<use>1</use>
<logicalDatatype>LOGDT019</logicalDatatype>
<dataTypePrecision>7</dataTypePrecision>
<ownDataTypeParameters>,,</ownDataTypeParameters>
</Attribute>
<Attribute name="invoice_date" id="62C466CC-2059-DB0E-C7CF-D6E9A2312736">
<createdBy>nadeem</createdBy>
<createdTime>2021-04-28 06:19:31 UTC</createdTime>
<commentInRDBMS><![CDATA[invoice date]]></commentInRDBMS>
<generatorID>759AD1A5-6F98-492B-72C5-04093ED616B2</generatorID>
<ownerDesignName>ad_oraclemodel</ownerDesignName>
<engineerTo>
<item key="38B70020-745F-CFB6-DB08-03A47FAC6DCC" value="true"/>
</engineerTo>
<referedAttribute>29BAD570-F226-3CE7-B422-55957C19EF09</referedAttribute>
<useDomainConstraints>false</useDomainConstraints>
<use>1</use>
<logicalDatatype>LOGDT007</logicalDatatype>
<ownDataTypeParameters>,,</ownDataTypeParameters>
</Attribute>
<Attribute name="drug_id" id="1F76EEDF-9DE3-5D27-185C-01899A486B45">
<createdBy>nadeem</createdBy>
<createdTime>2021-04-28 06:20:00 UTC</createdTime>
<commentInRDBMS><![CDATA[drug id]]></commentInRDBMS>
<generatorID>BF0151F4-0A01-C58F-1925-F7D21407629E</generatorID>
<ownerDesignName>ad_oraclemodel</ownerDesignName>
<engineerTo>
<item key="38B70020-745F-CFB6-DB08-03A47FAC6DCC" value="true"/>
</engineerTo>
<referedAttribute>7C2011C2-F062-C346-E5F1-43B6FC5FCF71</referedAttribute>
<useDomainConstraints>false</useDomainConstraints>
<use>1</use>
<logicalDatatype>LOGDT019</logicalDatatype>
<dataTypePrecision>7</dataTypePrecision>
<ownDataTypeParameters>,,</ownDataTypeParameters>
</Attribute>
<Attribute name="drug_req_qty_supplied" id="2733A4BB-8F26-A8F1-B09B-74FE8A5E5F3C">
<createdBy>nadeem</createdBy>
<createdTime>2021-04-28 03:37:56 UTC</createdTime>
<commentInRDBMS><![CDATA[drug quantity supplied]]></commentInRDBMS>
<ownerDesignName>ad_oraclemodel</ownerDesignName>
<engineerTo>
<item key="38B70020-745F-CFB6-DB08-03A47FAC6DCC" value="true"/>
</engineerTo>
<useDomainConstraints>false</useDomainConstraints>
<use>1</use>
<logicalDatatype>LOGDT019</logicalDatatype>
<dataTypePrecision>7</dataTypePrecision>
<ownDataTypeParameters>,7,</ownDataTypeParameters>
</Attribute>
</attributes>
<identifiers itemClass="oracle.dbtools.crest.model.design.logical.CandidateKey">
<identifier id="5322CDBD-A378-4A60-1669-F5E23315D41B" name="DRUG_REC PK">
<createdBy>nadeem</createdBy>
<createdTime>2021-04-28 06:21:22 UTC</createdTime>
<ownerDesignName>ad_oraclemodel</ownerDesignName>
<engineerTo>
<item key="38B70020-745F-CFB6-DB08-03A47FAC6DCC" value="true"/>
</engineerTo>
<pk>true</pk>
<usedAttributes>
<attributeRef>686918C0-ED31-30B0-7464-D0E4F8E52780</attributeRef>
<attributeRef>62C466CC-2059-DB0E-C7CF-D6E9A2312736</attributeRef>
<attributeRef>1F76EEDF-9DE3-5D27-185C-01899A486B45</attributeRef>
</usedAttributes>
</identifier>
</identifiers>
</Entity>
